sample_title,geo_accession,!Sample_status,!Sample_submission_date,!Sample_last_update_date,!Sample_type,!Sample_channel_count,!Sample_source_name_ch1,!Sample_organism_ch1,!Sample_treatment_protocol_ch1,!Sample_molecule_ch1,!Sample_extract_protocol_ch1,!Sample_taxid_ch1,!Sample_data_processing,!Sample_platform_id,!Sample_contact_name,!Sample_contact_email,!Sample_contact_laboratory,!Sample_contact_department,!Sample_contact_institute,!Sample_contact_address,!Sample_contact_city,!Sample_contact_state,!Sample_contact_zip/postal_code,!Sample_contact_country,!Sample_data_row_count,!Sample_instrument_model,!Sample_library_selection,!Sample_library_source,!Sample_library_strategy,!Sample_relation,!Sample_supplementary_file_1,strain,age,treatment,response_to_polyic,sex_by_xist_counts,tissue
MIA.e12.5.1635.4.S41.L004,GSM5069640,Public on Feb 09 2021,Feb 08 2021,Feb 10 2021,SRA,1,dorsal telencephalon/pallium or developing cortex,Mus musculus,"Pregnant mice at gestational day E12.5 were injected intraperitoneally (IP) with 30 mg/kg poly(I:C) dsRNA from Sigma Aldrich (St. Louis, MO, cat #P0913) or with vehicle control (sterile 0.9% saline) injected at 5ul per gram of body weight. Pregnancy was determined to be E12.5 by visualizing vaginal seminal plug, noted as embryonic day 0.5 (E0.5) and by an increase in body weight.",total RNA,Total RNA was isolated using Ambion RNAqueous total RNA Isolation Kit and assayed using Agilent RNA 6000 Nano Bioanalyzer kit/instrument.,10090,Reads from RNA-seq were aligned to the mouse genome (mm9) using STAR (version 2.4.2a).,GPL21103,"Alexander,Star,Nord",asnord@ucdavis.edu,Nord Neurogenomics lab,Center for Neuroscience,University of California Davis,1544 Newton Court,Davis,CA,95618,USA,0,Illumina HiSeq 4000,cDNA,transcriptomic,RNA-Seq,BioSample: https://www.ncbi.nlm.nih.gov/biosample/SAMN17834541,NONE,C57BL/6,E12.5,Saline,med,F,dorsal telencephalon/pallium or developing cortex
MIA.e12.5.1635.5.S46.L004,GSM5069641,Public on Feb 09 2021,Feb 08 2021,Feb 10 2021,SRA,1,dorsal telencephalon/pallium or developing cortex,Mus musculus,"Pregnant mice at gestational day E12.5 were injected intraperitoneally (IP) with 30 mg/kg poly(I:C) dsRNA from Sigma Aldrich (St. Louis, MO, cat #P0913) or with vehicle control (sterile 0.9% saline) injected at 5ul per gram of body weight. Pregnancy was determined to be E12.5 by visualizing vaginal seminal plug, noted as embryonic day 0.5 (E0.5) and by an increase in body weight.",total RNA,Total RNA was isolated using Ambion RNAqueous total RNA Isolation Kit and assayed using Agilent RNA 6000 Nano Bioanalyzer kit/instrument.,10090,Reads from RNA-seq were aligned to the mouse genome (mm9) using STAR (version 2.4.2a).,GPL21103,"Alexander,Star,Nord",asnord@ucdavis.edu,Nord Neurogenomics lab,Center for Neuroscience,University of California Davis,1544 Newton Court,Davis,CA,95618,USA,0,Illumina HiSeq 4000,cDNA,transcriptomic,RNA-Seq,BioSample: https://www.ncbi.nlm.nih.gov/biosample/SAMN17834540,NONE,C57BL/6,E12.5,Saline,med,M,dorsal telencephalon/pallium or developing cortex
MIA.e12.5.1646.3.S42.L004,GSM5069642,Public on Feb 09 2021,Feb 08 2021,Feb 10 2021,SRA,1,dorsal telencephalon/pallium or developing cortex,Mus musculus,"Pregnant mice at gestational day E12.5 were injected intraperitoneally (IP) with 30 mg/kg poly(I:C) dsRNA from Sigma Aldrich (St. Louis, MO, cat #P0913) or with vehicle control (sterile 0.9% saline) injected at 5ul per gram of body weight. Pregnancy was determined to be E12.5 by visualizing vaginal seminal plug, noted as embryonic day 0.5 (E0.5) and by an increase in body weight.",total RNA,Total RNA was isolated using Ambion RNAqueous total RNA Isolation Kit and assayed using Agilent RNA 6000 Nano Bioanalyzer kit/instrument.,10090,Reads from RNA-seq were aligned to the mouse genome (mm9) using STAR (version 2.4.2a).,GPL21103,"Alexander,Star,Nord",asnord@ucdavis.edu,Nord Neurogenomics lab,Center for Neuroscience,University of California Davis,1544 Newton Court,Davis,CA,95618,USA,0,Illumina HiSeq 4000,cDNA,transcriptomic,RNA-Seq,BioSample: https://www.ncbi.nlm.nih.gov/biosample/SAMN17834539,NONE,C57BL/6,E12.5,Saline,med,F,dorsal telencephalon/pallium or developing cortex
MIA.e12.5.1646.4.S49.L005,GSM5069643,Public on Feb 09 2021,Feb 08 2021,Feb 10 2021,SRA,1,dorsal telencephalon/pallium or developing cortex,Mus musculus,"Pregnant mice at gestational day E12.5 were injected intraperitoneally (IP) with 30 mg/kg poly(I:C) dsRNA from Sigma Aldrich (St. Louis, MO, cat #P0913) or with vehicle control (sterile 0.9% saline) injected at 5ul per gram of body weight. Pregnancy was determined to be E12.5 by visualizing vaginal seminal plug, noted as embryonic day 0.5 (E0.5) and by an increase in body weight.",total RNA,Total RNA was isolated using Ambion RNAqueous total RNA Isolation Kit and assayed using Agilent RNA 6000 Nano Bioanalyzer kit/instrument.,10090,Reads from RNA-seq were aligned to the mouse genome (mm9) using STAR (version 2.4.2a).,GPL21103,"Alexander,Star,Nord",asnord@ucdavis.edu,Nord Neurogenomics lab,Center for Neuroscience,University of California Davis,1544 Newton Court,Davis,CA,95618,USA,0,Illumina HiSeq 4000,cDNA,transcriptomic,RNA-Seq,BioSample: https://www.ncbi.nlm.nih.gov/biosample/SAMN17834538,NONE,C57BL/6,E12.5,Saline,med,M,dorsal telencephalon/pallium or developing cortex
MIA.e12.5.1858.1.S62.L006,GSM5069644,Public on Feb 09 2021,Feb 08 2021,Feb 10 2021,SRA,1,dorsal telencephalon/pallium or developing cortex,Mus musculus,"Pregnant mice at gestational day E12.5 were injected intraperitoneally (IP) with 30 mg/kg poly(I:C) dsRNA from Sigma Aldrich (St. Louis, MO, cat #P0913) or with vehicle control (sterile 0.9% saline) injected at 5ul per gram of body weight. Pregnancy was determined to be E12.5 by visualizing vaginal seminal plug, noted as embryonic day 0.5 (E0.5) and by an increase in body weight.",total RNA,Total RNA was isolated using Ambion RNAqueous total RNA Isolation Kit and assayed using Agilent RNA 6000 Nano Bioanalyzer kit/instrument.,10090,Reads from RNA-seq were aligned to the mouse genome (mm9) using STAR (version 2.4.2a).,GPL21103,"Alexander,Star,Nord",asnord@ucdavis.edu,Nord Neurogenomics lab,Center for Neuroscience,University of California Davis,1544 Newton Court,Davis,CA,95618,USA,0,Illumina HiSeq 4000,cDNA,transcriptomic,RNA-Seq,BioSample: https://www.ncbi.nlm.nih.gov/biosample/SAMN17834542,NONE,C57BL/6,E12.5,Saline,high,F,dorsal telencephalon/pallium or developing cortex
MMIA05.02.S63.L007.R1.001,GSM5069645,Public on Feb 09 2021,Feb 08 2021,Feb 10 2021,SRA,1,dorsal telencephalon/pallium or developing cortex,Mus musculus,"Pregnant mice at gestational day E12.5 were injected intraperitoneally (IP) with 30 mg/kg poly(I:C) dsRNA from Sigma Aldrich (St. Louis, MO, cat #P0913) or with vehicle control (sterile 0.9% saline) injected at 5ul per gram of body weight. Pregnancy was determined to be E12.5 by visualizing vaginal seminal plug, noted as embryonic day 0.5 (E0.5) and by an increase in body weight.",total RNA,Total RNA was isolated using Ambion RNAqueous total RNA Isolation Kit and assayed using Agilent RNA 6000 Nano Bioanalyzer kit/instrument.,10090,Reads from RNA-seq were aligned to the mouse genome (mm9) using STAR (version 2.4.2a).,GPL21103,"Alexander,Star,Nord",asnord@ucdavis.edu,Nord Neurogenomics lab,Center for Neuroscience,University of California Davis,1544 Newton Court,Davis,CA,95618,USA,0,Illumina HiSeq 4000,cDNA,transcriptomic,RNA-Seq,BioSample: https://www.ncbi.nlm.nih.gov/biosample/SAMN17834571,NONE,C57BL/6,E12.5,Saline,high,M,dorsal telencephalon/pallium or developing cortex
MMIA05.03.S91.L005.R1.001,GSM5069646,Public on Feb 09 2021,Feb 08 2021,Feb 10 2021,SRA,1,dorsal telencephalon/pallium or developing cortex,Mus musculus,"Pregnant mice at gestational day E12.5 were injected intraperitoneally (IP) with 30 mg/kg poly(I:C) dsRNA from Sigma Aldrich (St. Louis, MO, cat #P0913) or with vehicle control (sterile 0.9% saline) injected at 5ul per gram of body weight. Pregnancy was determined to be E12.5 by visualizing vaginal seminal plug, noted as embryonic day 0.5 (E0.5) and by an increase in body weight.",total RNA,Total RNA was isolated using Ambion RNAqueous total RNA Isolation Kit and assayed using Agilent RNA 6000 Nano Bioanalyzer kit/instrument.,10090,Reads from RNA-seq were aligned to the mouse genome (mm9) using STAR (version 2.4.2a).,GPL21103,"Alexander,Star,Nord",asnord@ucdavis.edu,Nord Neurogenomics lab,Center for Neuroscience,University of California Davis,1544 Newton Court,Davis,CA,95618,USA,0,Illumina HiSeq 4000,cDNA,transcriptomic,RNA-Seq,BioSample: https://www.ncbi.nlm.nih.gov/biosample/SAMN17834570,NONE,C57BL/6,E12.5,Saline,high,F,dorsal telencephalon/pallium or developing cortex
MIA.e12.5.1623.1.S50.L005,GSM5069647,Public on Feb 09 2021,Feb 08 2021,Feb 10 2021,SRA,1,dorsal telencephalon/pallium or developing cortex,Mus musculus,"Pregnant mice at gestational day E12.5 were injected intraperitoneally (IP) with 30 mg/kg poly(I:C) dsRNA from Sigma Aldrich (St. Louis, MO, cat #P0913) or with vehicle control (sterile 0.9% saline) injected at 5ul per gram of body weight. Pregnancy was determined to be E12.5 by visualizing vaginal seminal plug, noted as embryonic day 0.5 (E0.5) and by an increase in body weight.",total RNA,Total RNA was isolated using Ambion RNAqueous total RNA Isolation Kit and assayed using Agilent RNA 6000 Nano Bioanalyzer kit/instrument.,10090,Reads from RNA-seq were aligned to the mouse genome (mm9) using STAR (version 2.4.2a).,GPL21103,"Alexander,Star,Nord",asnord@ucdavis.edu,Nord Neurogenomics lab,Center for Neuroscience,University of California Davis,1544 Newton Court,Davis,CA,95618,USA,0,Illumina HiSeq 4000,cDNA,transcriptomic,RNA-Seq,BioSample: https://www.ncbi.nlm.nih.gov/biosample/SAMN17834569,NONE,C57BL/6,E12.5,PolyIC,med,M,dorsal telencephalon/pallium or developing cortex
MIA.e12.5.1623.2.S51.L005,GSM5069648,Public on Feb 09 2021,Feb 08 2021,Feb 10 2021,SRA,1,dorsal telencephalon/pallium or developing cortex,Mus musculus,"Pregnant mice at gestational day E12.5 were injected intraperitoneally (IP) with 30 mg/kg poly(I:C) dsRNA from Sigma Aldrich (St. Louis, MO, cat #P0913) or with vehicle control (sterile 0.9% saline) injected at 5ul per gram of body weight. Pregnancy was determined to be E12.5 by visualizing vaginal seminal plug, noted as embryonic day 0.5 (E0.5) and by an increase in body weight.",total RNA,Total RNA was isolated using Ambion RNAqueous total RNA Isolation Kit and assayed using Agilent RNA 6000 Nano Bioanalyzer kit/instrument.,10090,Reads from RNA-seq were aligned to the mouse genome (mm9) using STAR (version 2.4.2a).,GPL21103,"Alexander,Star,Nord",asnord@ucdavis.edu,Nord Neurogenomics lab,Center for Neuroscience,University of California Davis,1544 Newton Court,Davis,CA,95618,USA,0,Illumina HiSeq 4000,cDNA,transcriptomic,RNA-Seq,BioSample: https://www.ncbi.nlm.nih.gov/biosample/SAMN17834568,NONE,C57BL/6,E12.5,PolyIC,med,F,dorsal telencephalon/pallium or developing cortex
MIA.e12.5.1644.3.S44.L004,GSM5069649,Public on Feb 09 2021,Feb 08 2021,Feb 10 2021,SRA,1,dorsal telencephalon/pallium or developing cortex,Mus musculus,"Pregnant mice at gestational day E12.5 were injected intraperitoneally (IP) with 30 mg/kg poly(I:C) dsRNA from Sigma Aldrich (St. Louis, MO, cat #P0913) or with vehicle control (sterile 0.9% saline) injected at 5ul per gram of body weight. Pregnancy was determined to be E12.5 by visualizing vaginal seminal plug, noted as embryonic day 0.5 (E0.5) and by an increase in body weight.",total RNA,Total RNA was isolated using Ambion RNAqueous total RNA Isolation Kit and assayed using Agilent RNA 6000 Nano Bioanalyzer kit/instrument.,10090,Reads from RNA-seq were aligned to the mouse genome (mm9) using STAR (version 2.4.2a).,GPL21103,"Alexander,Star,Nord",asnord@ucdavis.edu,Nord Neurogenomics lab,Center for Neuroscience,University of California Davis,1544 Newton Court,Davis,CA,95618,USA,0,Illumina HiSeq 4000,cDNA,transcriptomic,RNA-Seq,BioSample: https://www.ncbi.nlm.nih.gov/biosample/SAMN17834567,NONE,C57BL/6,E12.5,PolyIC,med,M,dorsal telencephalon/pallium or developing cortex
MIA.e12.5.1644.4.S47.L005,GSM5069650,Public on Feb 09 2021,Feb 08 2021,Feb 10 2021,SRA,1,dorsal telencephalon/pallium or developing cortex,Mus musculus,"Pregnant mice at gestational day E12.5 were injected intraperitoneally (IP) with 30 mg/kg poly(I:C) dsRNA from Sigma Aldrich (St. Louis, MO, cat #P0913) or with vehicle control (sterile 0.9% saline) injected at 5ul per gram of body weight. Pregnancy was determined to be E12.5 by visualizing vaginal seminal plug, noted as embryonic day 0.5 (E0.5) and by an increase in body weight.",total RNA,Total RNA was isolated using Ambion RNAqueous total RNA Isolation Kit and assayed using Agilent RNA 6000 Nano Bioanalyzer kit/instrument.,10090,Reads from RNA-seq were aligned to the mouse genome (mm9) using STAR (version 2.4.2a).,GPL21103,"Alexander,Star,Nord",asnord@ucdavis.edu,Nord Neurogenomics lab,Center for Neuroscience,University of California Davis,1544 Newton Court,Davis,CA,95618,USA,0,Illumina HiSeq 4000,cDNA,transcriptomic,RNA-Seq,BioSample: https://www.ncbi.nlm.nih.gov/biosample/SAMN17834566,NONE,C57BL/6,E12.5,PolyIC,med,F,dorsal telencephalon/pallium or developing cortex
MIA.e12.5.1819.2.S39.L004,GSM5069651,Public on Feb 09 2021,Feb 08 2021,Feb 10 2021,SRA,1,dorsal telencephalon/pallium or developing cortex,Mus musculus,"Pregnant mice at gestational day E12.5 were injected intraperitoneally (IP) with 30 mg/kg poly(I:C) dsRNA from Sigma Aldrich (St. Louis, MO, cat #P0913) or with vehicle control (sterile 0.9% saline) injected at 5ul per gram of body weight. Pregnancy was determined to be E12.5 by visualizing vaginal seminal plug, noted as embryonic day 0.5 (E0.5) and by an increase in body weight.",total RNA,Total RNA was isolated using Ambion RNAqueous total RNA Isolation Kit and assayed using Agilent RNA 6000 Nano Bioanalyzer kit/instrument.,10090,Reads from RNA-seq were aligned to the mouse genome (mm9) using STAR (version 2.4.2a).,GPL21103,"Alexander,Star,Nord",asnord@ucdavis.edu,Nord Neurogenomics lab,Center for Neuroscience,University of California Davis,1544 Newton Court,Davis,CA,95618,USA,0,Illumina HiSeq 4000,cDNA,transcriptomic,RNA-Seq,BioSample: https://www.ncbi.nlm.nih.gov/biosample/SAMN17834565,NONE,C57BL/6,E12.5,PolyIC,high,M,dorsal telencephalon/pallium or developing cortex
MIA.e12.5.1819.4.S40.L004,GSM5069652,Public on Feb 09 2021,Feb 08 2021,Feb 10 2021,SRA,1,dorsal telencephalon/pallium or developing cortex,Mus musculus,"Pregnant mice at gestational day E12.5 were injected intraperitoneally (IP) with 30 mg/kg poly(I:C) dsRNA from Sigma Aldrich (St. Louis, MO, cat #P0913) or with vehicle control (sterile 0.9% saline) injected at 5ul per gram of body weight. Pregnancy was determined to be E12.5 by visualizing vaginal seminal plug, noted as embryonic day 0.5 (E0.5) and by an increase in body weight.",total RNA,Total RNA was isolated using Ambion RNAqueous total RNA Isolation Kit and assayed using Agilent RNA 6000 Nano Bioanalyzer kit/instrument.,10090,Reads from RNA-seq were aligned to the mouse genome (mm9) using STAR (version 2.4.2a).,GPL21103,"Alexander,Star,Nord",asnord@ucdavis.edu,Nord Neurogenomics lab,Center for Neuroscience,University of California Davis,1544 Newton Court,Davis,CA,95618,USA,0,Illumina HiSeq 4000,cDNA,transcriptomic,RNA-Seq,BioSample: https://www.ncbi.nlm.nih.gov/biosample/SAMN17834564,NONE,C57BL/6,E12.5,PolyIC,high,F,dorsal telencephalon/pallium or developing cortex
MIA.e12.5.1819.5.S43.L004,GSM5069653,Public on Feb 09 2021,Feb 08 2021,Feb 10 2021,SRA,1,dorsal telencephalon/pallium or developing cortex,Mus musculus,"Pregnant mice at gestational day E12.5 were injected intraperitoneally (IP) with 30 mg/kg poly(I:C) dsRNA from Sigma Aldrich (St. Louis, MO, cat #P0913) or with vehicle control (sterile 0.9% saline) injected at 5ul per gram of body weight. Pregnancy was determined to be E12.5 by visualizing vaginal seminal plug, noted as embryonic day 0.5 (E0.5) and by an increase in body weight.",total RNA,Total RNA was isolated using Ambion RNAqueous total RNA Isolation Kit and assayed using Agilent RNA 6000 Nano Bioanalyzer kit/instrument.,10090,Reads from RNA-seq were aligned to the mouse genome (mm9) using STAR (version 2.4.2a).,GPL21103,"Alexander,Star,Nord",asnord@ucdavis.edu,Nord Neurogenomics lab,Center for Neuroscience,University of California Davis,1544 Newton Court,Davis,CA,95618,USA,0,Illumina HiSeq 4000,cDNA,transcriptomic,RNA-Seq,BioSample: https://www.ncbi.nlm.nih.gov/biosample/SAMN17834563,NONE,C57BL/6,E12.5,PolyIC,high,M,dorsal telencephalon/pallium or developing cortex
MIA.e14.5.1.S1.L001,GSM5069654,Public on Feb 09 2021,Feb 08 2021,Feb 10 2021,SRA,1,dorsal telencephalon/pallium or developing cortex,Mus musculus,"Pregnant mice at gestational day E12.5 were injected intraperitoneally (IP) with 30 mg/kg poly(I:C) dsRNA from Sigma Aldrich (St. Louis, MO, cat #P0913) or with vehicle control (sterile 0.9% saline) injected at 5ul per gram of body weight. Pregnancy was determined to be E12.5 by visualizing vaginal seminal plug, noted as embryonic day 0.5 (E0.5) and by an increase in body weight.",total RNA,Total RNA was isolated using Ambion RNAqueous total RNA Isolation Kit and assayed using Agilent RNA 6000 Nano Bioanalyzer kit/instrument.,10090,Reads from RNA-seq were aligned to the mouse genome (mm9) using STAR (version 2.4.2a).,GPL21103,"Alexander,Star,Nord",asnord@ucdavis.edu,Nord Neurogenomics lab,Center for Neuroscience,University of California Davis,1544 Newton Court,Davis,CA,95618,USA,0,Illumina HiSeq 4000,cDNA,transcriptomic,RNA-Seq,BioSample: https://www.ncbi.nlm.nih.gov/biosample/SAMN17834562,NONE,C57BL/6,E14.5,Saline,med,M,dorsal telencephalon/pallium or developing cortex
MIA.e14.5.1.S50.L005,GSM5069655,Public on Feb 09 2021,Feb 08 2021,Feb 10 2021,SRA,1,dorsal telencephalon/pallium or developing cortex,Mus musculus,"Pregnant mice at gestational day E12.5 were injected intraperitoneally (IP) with 30 mg/kg poly(I:C) dsRNA from Sigma Aldrich (St. Louis, MO, cat #P0913) or with vehicle control (sterile 0.9% saline) injected at 5ul per gram of body weight. Pregnancy was determined to be E12.5 by visualizing vaginal seminal plug, noted as embryonic day 0.5 (E0.5) and by an increase in body weight.",total RNA,Total RNA was isolated using Ambion RNAqueous total RNA Isolation Kit and assayed using Agilent RNA 6000 Nano Bioanalyzer kit/instrument.,10090,Reads from RNA-seq were aligned to the mouse genome (mm9) using STAR (version 2.4.2a).,GPL21103,"Alexander,Star,Nord",asnord@ucdavis.edu,Nord Neurogenomics lab,Center for Neuroscience,University of California Davis,1544 Newton Court,Davis,CA,95618,USA,0,Illumina HiSeq 4000,cDNA,transcriptomic,RNA-Seq,BioSample: https://www.ncbi.nlm.nih.gov/biosample/SAMN17834561,NONE,C57BL/6,E14.5,Saline,med,M,dorsal telencephalon/pallium or developing cortex
MIA.e14.5.2.S51.L005,GSM5069656,Public on Feb 09 2021,Feb 08 2021,Feb 10 2021,SRA,1,dorsal telencephalon/pallium or developing cortex,Mus musculus,"Pregnant mice at gestational day E12.5 were injected intraperitoneally (IP) with 30 mg/kg poly(I:C) dsRNA from Sigma Aldrich (St. Louis, MO, cat #P0913) or with vehicle control (sterile 0.9% saline) injected at 5ul per gram of body weight. Pregnancy was determined to be E12.5 by visualizing vaginal seminal plug, noted as embryonic day 0.5 (E0.5) and by an increase in body weight.",total RNA,Total RNA was isolated using Ambion RNAqueous total RNA Isolation Kit and assayed using Agilent RNA 6000 Nano Bioanalyzer kit/instrument.,10090,Reads from RNA-seq were aligned to the mouse genome (mm9) using STAR (version 2.4.2a).,GPL21103,"Alexander,Star,Nord",asnord@ucdavis.edu,Nord Neurogenomics lab,Center for Neuroscience,University of California Davis,1544 Newton Court,Davis,CA,95618,USA,0,Illumina HiSeq 4000,cDNA,transcriptomic,RNA-Seq,BioSample: https://www.ncbi.nlm.nih.gov/biosample/SAMN17834560,NONE,C57BL/6,E14.5,Saline,med,F,dorsal telencephalon/pallium or developing cortex
MIA.e14.5.3.S52.L005,GSM5069657,Public on Feb 09 2021,Feb 08 2021,Feb 10 2021,SRA,1,dorsal telencephalon/pallium or developing cortex,Mus musculus,"Pregnant mice at gestational day E12.5 were injected intraperitoneally (IP) with 30 mg/kg poly(I:C) dsRNA from Sigma Aldrich (St. Louis, MO, cat #P0913) or with vehicle control (sterile 0.9% saline) injected at 5ul per gram of body weight. Pregnancy was determined to be E12.5 by visualizing vaginal seminal plug, noted as embryonic day 0.5 (E0.5) and by an increase in body weight.",total RNA,Total RNA was isolated using Ambion RNAqueous total RNA Isolation Kit and assayed using Agilent RNA 6000 Nano Bioanalyzer kit/instrument.,10090,Reads from RNA-seq were aligned to the mouse genome (mm9) using STAR (version 2.4.2a).,GPL21103,"Alexander,Star,Nord",asnord@ucdavis.edu,Nord Neurogenomics lab,Center for Neuroscience,University of California Davis,1544 Newton Court,Davis,CA,95618,USA,0,Illumina HiSeq 4000,cDNA,transcriptomic,RNA-Seq,BioSample: https://www.ncbi.nlm.nih.gov/biosample/SAMN17834559,NONE,C57BL/6,E14.5,Saline,med,M,dorsal telencephalon/pallium or developing cortex
MIA.e14.5.5.S10.L002,GSM5069658,Public on Feb 09 2021,Feb 08 2021,Feb 10 2021,SRA,1,dorsal telencephalon/pallium or developing cortex,Mus musculus,"Pregnant mice at gestational day E12.5 were injected intraperitoneally (IP) with 30 mg/kg poly(I:C) dsRNA from Sigma Aldrich (St. Louis, MO, cat #P0913) or with vehicle control (sterile 0.9% saline) injected at 5ul per gram of body weight. Pregnancy was determined to be E12.5 by visualizing vaginal seminal plug, noted as embryonic day 0.5 (E0.5) and by an increase in body weight.",total RNA,Total RNA was isolated using Ambion RNAqueous total RNA Isolation Kit and assayed using Agilent RNA 6000 Nano Bioanalyzer kit/instrument.,10090,Reads from RNA-seq were aligned to the mouse genome (mm9) using STAR (version 2.4.2a).,GPL21103,"Alexander,Star,Nord",asnord@ucdavis.edu,Nord Neurogenomics lab,Center for Neuroscience,University of California Davis,1544 Newton Court,Davis,CA,95618,USA,0,Illumina HiSeq 4000,cDNA,transcriptomic,RNA-Seq,BioSample: https://www.ncbi.nlm.nih.gov/biosample/SAMN17834558,NONE,C57BL/6,E14.5,Saline,med,M,dorsal telencephalon/pallium or developing cortex
MIA.e14.5.5.S54.L005,GSM5069659,Public on Feb 09 2021,Feb 08 2021,Feb 10 2021,SRA,1,dorsal telencephalon/pallium or developing cortex,Mus musculus,"Pregnant mice at gestational day E12.5 were injected intraperitoneally (IP) with 30 mg/kg poly(I:C) dsRNA from Sigma Aldrich (St. Louis, MO, cat #P0913) or with vehicle control (sterile 0.9% saline) injected at 5ul per gram of body weight. Pregnancy was determined to be E12.5 by visualizing vaginal seminal plug, noted as embryonic day 0.5 (E0.5) and by an increase in body weight.",total RNA,Total RNA was isolated using Ambion RNAqueous total RNA Isolation Kit and assayed using Agilent RNA 6000 Nano Bioanalyzer kit/instrument.,10090,Reads from RNA-seq were aligned to the mouse genome (mm9) using STAR (version 2.4.2a).,GPL21103,"Alexander,Star,Nord",asnord@ucdavis.edu,Nord Neurogenomics lab,Center for Neuroscience,University of California Davis,1544 Newton Court,Davis,CA,95618,USA,0,Illumina HiSeq 4000,cDNA,transcriptomic,RNA-Seq,BioSample: https://www.ncbi.nlm.nih.gov/biosample/SAMN17834557,NONE,C57BL/6,E14.5,Saline,med,M,dorsal telencephalon/pallium or developing cortex
MIA.e14.5.6.S11.L002,GSM5069660,Public on Feb 09 2021,Feb 08 2021,Feb 10 2021,SRA,1,dorsal telencephalon/pallium or developing cortex,Mus musculus,"Pregnant mice at gestational day E12.5 were injected intraperitoneally (IP) with 30 mg/kg poly(I:C) dsRNA from Sigma Aldrich (St. Louis, MO, cat #P0913) or with vehicle control (sterile 0.9% saline) injected at 5ul per gram of body weight. Pregnancy was determined to be E12.5 by visualizing vaginal seminal plug, noted as embryonic day 0.5 (E0.5) and by an increase in body weight.",total RNA,Total RNA was isolated using Ambion RNAqueous total RNA Isolation Kit and assayed using Agilent RNA 6000 Nano Bioanalyzer kit/instrument.,10090,Reads from RNA-seq were aligned to the mouse genome (mm9) using STAR (version 2.4.2a).,GPL21103,"Alexander,Star,Nord",asnord@ucdavis.edu,Nord Neurogenomics lab,Center for Neuroscience,University of California Davis,1544 Newton Court,Davis,CA,95618,USA,0,Illumina HiSeq 4000,cDNA,transcriptomic,RNA-Seq,BioSample: https://www.ncbi.nlm.nih.gov/biosample/SAMN17834556,NONE,C57BL/6,E14.5,Saline,med,F,dorsal telencephalon/pallium or developing cortex
MIA.e14.5.6.S55.L005,GSM5069661,Public on Feb 09 2021,Feb 08 2021,Feb 10 2021,SRA,1,dorsal telencephalon/pallium or developing cortex,Mus musculus,"Pregnant mice at gestational day E12.5 were injected intraperitoneally (IP) with 30 mg/kg poly(I:C) dsRNA from Sigma Aldrich (St. Louis, MO, cat #P0913) or with vehicle control (sterile 0.9% saline) injected at 5ul per gram of body weight. Pregnancy was determined to be E12.5 by visualizing vaginal seminal plug, noted as embryonic day 0.5 (E0.5) and by an increase in body weight.",total RNA,Total RNA was isolated using Ambion RNAqueous total RNA Isolation Kit and assayed using Agilent RNA 6000 Nano Bioanalyzer kit/instrument.,10090,Reads from RNA-seq were aligned to the mouse genome (mm9) using STAR (version 2.4.2a).,GPL21103,"Alexander,Star,Nord",asnord@ucdavis.edu,Nord Neurogenomics lab,Center for Neuroscience,University of California Davis,1544 Newton Court,Davis,CA,95618,USA,0,Illumina HiSeq 4000,cDNA,transcriptomic,RNA-Seq,BioSample: https://www.ncbi.nlm.nih.gov/biosample/SAMN17834555,NONE,C57BL/6,E14.5,Saline,med,F,dorsal telencephalon/pallium or developing cortex
MIA.e14.5.7.S56.L005,GSM5069662,Public on Feb 09 2021,Feb 08 2021,Feb 10 2021,SRA,1,dorsal telencephalon/pallium or developing cortex,Mus musculus,"Pregnant mice at gestational day E12.5 were injected intraperitoneally (IP) with 30 mg/kg poly(I:C) dsRNA from Sigma Aldrich (St. Louis, MO, cat #P0913) or with vehicle control (sterile 0.9% saline) injected at 5ul per gram of body weight. Pregnancy was determined to be E12.5 by visualizing vaginal seminal plug, noted as embryonic day 0.5 (E0.5) and by an increase in body weight.",total RNA,Total RNA was isolated using Ambion RNAqueous total RNA Isolation Kit and assayed using Agilent RNA 6000 Nano Bioanalyzer kit/instrument.,10090,Reads from RNA-seq were aligned to the mouse genome (mm9) using STAR (version 2.4.2a).,GPL21103,"Alexander,Star,Nord",asnord@ucdavis.edu,Nord Neurogenomics lab,Center for Neuroscience,University of California Davis,1544 Newton Court,Davis,CA,95618,USA,0,Illumina HiSeq 4000,cDNA,transcriptomic,RNA-Seq,BioSample: https://www.ncbi.nlm.nih.gov/biosample/SAMN17834554,NONE,C57BL/6,E14.5,Saline,med,F,dorsal telencephalon/pallium or developing cortex
MMIA04.04.S59.L007.R1.001,GSM5069663,Public on Feb 09 2021,Feb 08 2021,Feb 10 2021,SRA,1,dorsal telencephalon/pallium or developing cortex,Mus musculus,"Pregnant mice at gestational day E12.5 were injected intraperitoneally (IP) with 30 mg/kg poly(I:C) dsRNA from Sigma Aldrich (St. Louis, MO, cat #P0913) or with vehicle control (sterile 0.9% saline) injected at 5ul per gram of body weight. Pregnancy was determined to be E12.5 by visualizing vaginal seminal plug, noted as embryonic day 0.5 (E0.5) and by an increase in body weight.",total RNA,Total RNA was isolated using Ambion RNAqueous total RNA Isolation Kit and assayed using Agilent RNA 6000 Nano Bioanalyzer kit/instrument.,10090,Reads from RNA-seq were aligned to the mouse genome (mm9) using STAR (version 2.4.2a).,GPL21103,"Alexander,Star,Nord",asnord@ucdavis.edu,Nord Neurogenomics lab,Center for Neuroscience,University of California Davis,1544 Newton Court,Davis,CA,95618,USA,0,Illumina HiSeq 4000,cDNA,transcriptomic,RNA-Seq,BioSample: https://www.ncbi.nlm.nih.gov/biosample/SAMN17834553,NONE,C57BL/6,E14.5,Saline,med,M,dorsal telencephalon/pallium or developing cortex
MMIA04.05.S87.L005.R1.001,GSM5069664,Public on Feb 09 2021,Feb 08 2021,Feb 10 2021,SRA,1,dorsal telencephalon/pallium or developing cortex,Mus musculus,"Pregnant mice at gestational day E12.5 were injected intraperitoneally (IP) with 30 mg/kg poly(I:C) dsRNA from Sigma Aldrich (St. Louis, MO, cat #P0913) or with vehicle control (sterile 0.9% saline) injected at 5ul per gram of body weight. Pregnancy was determined to be E12.5 by visualizing vaginal seminal plug, noted as embryonic day 0.5 (E0.5) and by an increase in body weight.",total RNA,Total RNA was isolated using Ambion RNAqueous total RNA Isolation Kit and assayed using Agilent RNA 6000 Nano Bioanalyzer kit/instrument.,10090,Reads from RNA-seq were aligned to the mouse genome (mm9) using STAR (version 2.4.2a).,GPL21103,"Alexander,Star,Nord",asnord@ucdavis.edu,Nord Neurogenomics lab,Center for Neuroscience,University of California Davis,1544 Newton Court,Davis,CA,95618,USA,0,Illumina HiSeq 4000,cDNA,transcriptomic,RNA-Seq,BioSample: https://www.ncbi.nlm.nih.gov/biosample/SAMN17834588,NONE,C57BL/6,E14.5,Saline,med,M,dorsal telencephalon/pallium or developing cortex
MMIA04.07.S64.L007.R1.001,GSM5069665,Public on Feb 09 2021,Feb 08 2021,Feb 10 2021,SRA,1,dorsal telencephalon/pallium or developing cortex,Mus musculus,"Pregnant mice at gestational day E12.5 were injected intraperitoneally (IP) with 30 mg/kg poly(I:C) dsRNA from Sigma Aldrich (St. Louis, MO, cat #P0913) or with vehicle control (sterile 0.9% saline) injected at 5ul per gram of body weight. Pregnancy was determined to be E12.5 by visualizing vaginal seminal plug, noted as embryonic day 0.5 (E0.5) and by an increase in body weight.",total RNA,Total RNA was isolated using Ambion RNAqueous total RNA Isolation Kit and assayed using Agilent RNA 6000 Nano Bioanalyzer kit/instrument.,10090,Reads from RNA-seq were aligned to the mouse genome (mm9) using STAR (version 2.4.2a).,GPL21103,"Alexander,Star,Nord",asnord@ucdavis.edu,Nord Neurogenomics lab,Center for Neuroscience,University of California Davis,1544 Newton Court,Davis,CA,95618,USA,0,Illumina HiSeq 4000,cDNA,transcriptomic,RNA-Seq,BioSample: https://www.ncbi.nlm.nih.gov/biosample/SAMN17834587,NONE,C57BL/6,E14.5,Saline,med,F,dorsal telencephalon/pallium or developing cortex
MMIA04.08.S92.L005.R1.001,GSM5069666,Public on Feb 09 2021,Feb 08 2021,Feb 10 2021,SRA,1,dorsal telencephalon/pallium or developing cortex,Mus musculus,"Pregnant mice at gestational day E12.5 were injected intraperitoneally (IP) with 30 mg/kg poly(I:C) dsRNA from Sigma Aldrich (St. Louis, MO, cat #P0913) or with vehicle control (sterile 0.9% saline) injected at 5ul per gram of body weight. Pregnancy was determined to be E12.5 by visualizing vaginal seminal plug, noted as embryonic day 0.5 (E0.5) and by an increase in body weight.",total RNA,Total RNA was isolated using Ambion RNAqueous total RNA Isolation Kit and assayed using Agilent RNA 6000 Nano Bioanalyzer kit/instrument.,10090,Reads from RNA-seq were aligned to the mouse genome (mm9) using STAR (version 2.4.2a).,GPL21103,"Alexander,Star,Nord",asnord@ucdavis.edu,Nord Neurogenomics lab,Center for Neuroscience,University of California Davis,1544 Newton Court,Davis,CA,95618,USA,0,Illumina HiSeq 4000,cDNA,transcriptomic,RNA-Seq,BioSample: https://www.ncbi.nlm.nih.gov/biosample/SAMN17834586,NONE,C57BL/6,E14.5,Saline,med,M,dorsal telencephalon/pallium or developing cortex
MIA.e14.5.10.S59.L005,GSM5069667,Public on Feb 09 2021,Feb 08 2021,Feb 10 2021,SRA,1,dorsal telencephalon/pallium or developing cortex,Mus musculus,"Pregnant mice at gestational day E12.5 were injected intraperitoneally (IP) with 30 mg/kg poly(I:C) dsRNA from Sigma Aldrich (St. Louis, MO, cat #P0913) or with vehicle control (sterile 0.9% saline) injected at 5ul per gram of body weight. Pregnancy was determined to be E12.5 by visualizing vaginal seminal plug, noted as embryonic day 0.5 (E0.5) and by an increase in body weight.",total RNA,Total RNA was isolated using Ambion RNAqueous total RNA Isolation Kit and assayed using Agilent RNA 6000 Nano Bioanalyzer kit/instrument.,10090,Reads from RNA-seq were aligned to the mouse genome (mm9) using STAR (version 2.4.2a).,GPL21103,"Alexander,Star,Nord",asnord@ucdavis.edu,Nord Neurogenomics lab,Center for Neuroscience,University of California Davis,1544 Newton Court,Davis,CA,95618,USA,0,Illumina HiSeq 4000,cDNA,transcriptomic,RNA-Seq,BioSample: https://www.ncbi.nlm.nih.gov/biosample/SAMN17834585,NONE,C57BL/6,E14.5,PolyIC,med,M,dorsal telencephalon/pallium or developing cortex
MIA.e14.5.11.S60.L005,GSM5069668,Public on Feb 09 2021,Feb 08 2021,Feb 10 2021,SRA,1,dorsal telencephalon/pallium or developing cortex,Mus musculus,"Pregnant mice at gestational day E12.5 were injected intraperitoneally (IP) with 30 mg/kg poly(I:C) dsRNA from Sigma Aldrich (St. Louis, MO, cat #P0913) or with vehicle control (sterile 0.9% saline) injected at 5ul per gram of body weight. Pregnancy was determined to be E12.5 by visualizing vaginal seminal plug, noted as embryonic day 0.5 (E0.5) and by an increase in body weight.",total RNA,Total RNA was isolated using Ambion RNAqueous total RNA Isolation Kit and assayed using Agilent RNA 6000 Nano Bioanalyzer kit/instrument.,10090,Reads from RNA-seq were aligned to the mouse genome (mm9) using STAR (version 2.4.2a).,GPL21103,"Alexander,Star,Nord",asnord@ucdavis.edu,Nord Neurogenomics lab,Center for Neuroscience,University of California Davis,1544 Newton Court,Davis,CA,95618,USA,0,Illumina HiSeq 4000,cDNA,transcriptomic,RNA-Seq,BioSample: https://www.ncbi.nlm.nih.gov/biosample/SAMN17834584,NONE,C57BL/6,E14.5,PolyIC,med,F,dorsal telencephalon/pallium or developing cortex
MIA.e14.5.13.S7.L001,GSM5069669,Public on Feb 09 2021,Feb 08 2021,Feb 10 2021,SRA,1,dorsal telencephalon/pallium or developing cortex,Mus musculus,"Pregnant mice at gestational day E12.5 were injected intraperitoneally (IP) with 30 mg/kg poly(I:C) dsRNA from Sigma Aldrich (St. Louis, MO, cat #P0913) or with vehicle control (sterile 0.9% saline) injected at 5ul per gram of body weight. Pregnancy was determined to be E12.5 by visualizing vaginal seminal plug, noted as embryonic day 0.5 (E0.5) and by an increase in body weight.",total RNA,Total RNA was isolated using Ambion RNAqueous total RNA Isolation Kit and assayed using Agilent RNA 6000 Nano Bioanalyzer kit/instrument.,10090,Reads from RNA-seq were aligned to the mouse genome (mm9) using STAR (version 2.4.2a).,GPL21103,"Alexander,Star,Nord",asnord@ucdavis.edu,Nord Neurogenomics lab,Center for Neuroscience,University of California Davis,1544 Newton Court,Davis,CA,95618,USA,0,Illumina HiSeq 4000,cDNA,transcriptomic,RNA-Seq,BioSample: https://www.ncbi.nlm.nih.gov/biosample/SAMN17834583,NONE,C57BL/6,E14.5,PolyIC,high,M,dorsal telencephalon/pallium or developing cortex
MIA.e14.5.14.S15.L002,GSM5069670,Public on Feb 09 2021,Feb 08 2021,Feb 10 2021,SRA,1,dorsal telencephalon/pallium or developing cortex,Mus musculus,"Pregnant mice at gestational day E12.5 were injected intraperitoneally (IP) with 30 mg/kg poly(I:C) dsRNA from Sigma Aldrich (St. Louis, MO, cat #P0913) or with vehicle control (sterile 0.9% saline) injected at 5ul per gram of body weight. Pregnancy was determined to be E12.5 by visualizing vaginal seminal plug, noted as embryonic day 0.5 (E0.5) and by an increase in body weight.",total RNA,Total RNA was isolated using Ambion RNAqueous total RNA Isolation Kit and assayed using Agilent RNA 6000 Nano Bioanalyzer kit/instrument.,10090,Reads from RNA-seq were aligned to the mouse genome (mm9) using STAR (version 2.4.2a).,GPL21103,"Alexander,Star,Nord",asnord@ucdavis.edu,Nord Neurogenomics lab,Center for Neuroscience,University of California Davis,1544 Newton Court,Davis,CA,95618,USA,0,Illumina HiSeq 4000,cDNA,transcriptomic,RNA-Seq,BioSample: https://www.ncbi.nlm.nih.gov/biosample/SAMN17834582,NONE,C57BL/6,E14.5,PolyIC,high,M,dorsal telencephalon/pallium or developing cortex
MIA.e14.5.16.S16.L002,GSM5069671,Public on Feb 09 2021,Feb 08 2021,Feb 10 2021,SRA,1,dorsal telencephalon/pallium or developing cortex,Mus musculus,"Pregnant mice at gestational day E12.5 were injected intraperitoneally (IP) with 30 mg/kg poly(I:C) dsRNA from Sigma Aldrich (St. Louis, MO, cat #P0913) or with vehicle control (sterile 0.9% saline) injected at 5ul per gram of body weight. Pregnancy was determined to be E12.5 by visualizing vaginal seminal plug, noted as embryonic day 0.5 (E0.5) and by an increase in body weight.",total RNA,Total RNA was isolated using Ambion RNAqueous total RNA Isolation Kit and assayed using Agilent RNA 6000 Nano Bioanalyzer kit/instrument.,10090,Reads from RNA-seq were aligned to the mouse genome (mm9) using STAR (version 2.4.2a).,GPL21103,"Alexander,Star,Nord",asnord@ucdavis.edu,Nord Neurogenomics lab,Center for Neuroscience,University of California Davis,1544 Newton Court,Davis,CA,95618,USA,0,Illumina HiSeq 4000,cDNA,transcriptomic,RNA-Seq,BioSample: https://www.ncbi.nlm.nih.gov/biosample/SAMN17834577,NONE,C57BL/6,E14.5,PolyIC,high,M,dorsal telencephalon/pallium or developing cortex
MIA.e14.5.3.S2.L001,GSM5069672,Public on Feb 09 2021,Feb 08 2021,Feb 10 2021,SRA,1,dorsal telencephalon/pallium or developing cortex,Mus musculus,"Pregnant mice at gestational day E12.5 were injected intraperitoneally (IP) with 30 mg/kg poly(I:C) dsRNA from Sigma Aldrich (St. Louis, MO, cat #P0913) or with vehicle control (sterile 0.9% saline) injected at 5ul per gram of body weight. Pregnancy was determined to be E12.5 by visualizing vaginal seminal plug, noted as embryonic day 0.5 (E0.5) and by an increase in body weight.",total RNA,Total RNA was isolated using Ambion RNAqueous total RNA Isolation Kit and assayed using Agilent RNA 6000 Nano Bioanalyzer kit/instrument.,10090,Reads from RNA-seq were aligned to the mouse genome (mm9) using STAR (version 2.4.2a).,GPL21103,"Alexander,Star,Nord",asnord@ucdavis.edu,Nord Neurogenomics lab,Center for Neuroscience,University of California Davis,1544 Newton Court,Davis,CA,95618,USA,0,Illumina HiSeq 4000,cDNA,transcriptomic,RNA-Seq,BioSample: https://www.ncbi.nlm.nih.gov/biosample/SAMN17834576,NONE,C57BL/6,E14.5,PolyIC,med,M,dorsal telencephalon/pallium or developing cortex
MIA.e14.5.4.S3.L001,GSM5069673,Public on Feb 09 2021,Feb 08 2021,Feb 10 2021,SRA,1,dorsal telencephalon/pallium or developing cortex,Mus musculus,"Pregnant mice at gestational day E12.5 were injected intraperitoneally (IP) with 30 mg/kg poly(I:C) dsRNA from Sigma Aldrich (St. Louis, MO, cat #P0913) or with vehicle control (sterile 0.9% saline) injected at 5ul per gram of body weight. Pregnancy was determined to be E12.5 by visualizing vaginal seminal plug, noted as embryonic day 0.5 (E0.5) and by an increase in body weight.",total RNA,Total RNA was isolated using Ambion RNAqueous total RNA Isolation Kit and assayed using Agilent RNA 6000 Nano Bioanalyzer kit/instrument.,10090,Reads from RNA-seq were aligned to the mouse genome (mm9) using STAR (version 2.4.2a).,GPL21103,"Alexander,Star,Nord",asnord@ucdavis.edu,Nord Neurogenomics lab,Center for Neuroscience,University of California Davis,1544 Newton Court,Davis,CA,95618,USA,0,Illumina HiSeq 4000,cDNA,transcriptomic,RNA-Seq,BioSample: https://www.ncbi.nlm.nih.gov/biosample/SAMN17834575,NONE,C57BL/6,E14.5,PolyIC,med,F,dorsal telencephalon/pallium or developing cortex
MIA.e14.5.8.S57.L005,GSM5069674,Public on Feb 09 2021,Feb 08 2021,Feb 10 2021,SRA,1,dorsal telencephalon/pallium or developing cortex,Mus musculus,"Pregnant mice at gestational day E12.5 were injected intraperitoneally (IP) with 30 mg/kg poly(I:C) dsRNA from Sigma Aldrich (St. Louis, MO, cat #P0913) or with vehicle control (sterile 0.9% saline) injected at 5ul per gram of body weight. Pregnancy was determined to be E12.5 by visualizing vaginal seminal plug, noted as embryonic day 0.5 (E0.5) and by an increase in body weight.",total RNA,Total RNA was isolated using Ambion RNAqueous total RNA Isolation Kit and assayed using Agilent RNA 6000 Nano Bioanalyzer kit/instrument.,10090,Reads from RNA-seq were aligned to the mouse genome (mm9) using STAR (version 2.4.2a).,GPL21103,"Alexander,Star,Nord",asnord@ucdavis.edu,Nord Neurogenomics lab,Center for Neuroscience,University of California Davis,1544 Newton Court,Davis,CA,95618,USA,0,Illumina HiSeq 4000,cDNA,transcriptomic,RNA-Seq,BioSample: https://www.ncbi.nlm.nih.gov/biosample/SAMN17834581,NONE,C57BL/6,E14.5,PolyIC,med,M,dorsal telencephalon/pallium or developing cortex
MIA.e14.5.9.S58.L005,GSM5069675,Public on Feb 09 2021,Feb 08 2021,Feb 10 2021,SRA,1,dorsal telencephalon/pallium or developing cortex,Mus musculus,"Pregnant mice at gestational day E12.5 were injected intraperitoneally (IP) with 30 mg/kg poly(I:C) dsRNA from Sigma Aldrich (St. Louis, MO, cat #P0913) or with vehicle control (sterile 0.9% saline) injected at 5ul per gram of body weight. Pregnancy was determined to be E12.5 by visualizing vaginal seminal plug, noted as embryonic day 0.5 (E0.5) and by an increase in body weight.",total RNA,Total RNA was isolated using Ambion RNAqueous total RNA Isolation Kit and assayed using Agilent RNA 6000 Nano Bioanalyzer kit/instrument.,10090,Reads from RNA-seq were aligned to the mouse genome (mm9) using STAR (version 2.4.2a).,GPL21103,"Alexander,Star,Nord",asnord@ucdavis.edu,Nord Neurogenomics lab,Center for Neuroscience,University of California Davis,1544 Newton Court,Davis,CA,95618,USA,0,Illumina HiSeq 4000,cDNA,transcriptomic,RNA-Seq,BioSample: https://www.ncbi.nlm.nih.gov/biosample/SAMN17834580,NONE,C57BL/6,E14.5,PolyIC,med,M,dorsal telencephalon/pallium or developing cortex
MMIA03.04.S85.L005.R1.001,GSM5069676,Public on Feb 09 2021,Feb 08 2021,Feb 10 2021,SRA,1,dorsal telencephalon/pallium or developing cortex,Mus musculus,"Pregnant mice at gestational day E12.5 were injected intraperitoneally (IP) with 30 mg/kg poly(I:C) dsRNA from Sigma Aldrich (St. Louis, MO, cat #P0913) or with vehicle control (sterile 0.9% saline) injected at 5ul per gram of body weight. Pregnancy was determined to be E12.5 by visualizing vaginal seminal plug, noted as embryonic day 0.5 (E0.5) and by an increase in body weight.",total RNA,Total RNA was isolated using Ambion RNAqueous total RNA Isolation Kit and assayed using Agilent RNA 6000 Nano Bioanalyzer kit/instrument.,10090,Reads from RNA-seq were aligned to the mouse genome (mm9) using STAR (version 2.4.2a).,GPL21103,"Alexander,Star,Nord",asnord@ucdavis.edu,Nord Neurogenomics lab,Center for Neuroscience,University of California Davis,1544 Newton Court,Davis,CA,95618,USA,0,Illumina HiSeq 4000,cDNA,transcriptomic,RNA-Seq,BioSample: https://www.ncbi.nlm.nih.gov/biosample/SAMN17834579,NONE,C57BL/6,E14.5,PolyIC,med,F,dorsal telencephalon/pallium or developing cortex
MMIA03.06.S57.L007.R1.001,GSM5069677,Public on Feb 09 2021,Feb 08 2021,Feb 10 2021,SRA,1,dorsal telencephalon/pallium or developing cortex,Mus musculus,"Pregnant mice at gestational day E12.5 were injected intraperitoneally (IP) with 30 mg/kg poly(I:C) dsRNA from Sigma Aldrich (St. Louis, MO, cat #P0913) or with vehicle control (sterile 0.9% saline) injected at 5ul per gram of body weight. Pregnancy was determined to be E12.5 by visualizing vaginal seminal plug, noted as embryonic day 0.5 (E0.5) and by an increase in body weight.",total RNA,Total RNA was isolated using Ambion RNAqueous total RNA Isolation Kit and assayed using Agilent RNA 6000 Nano Bioanalyzer kit/instrument.,10090,Reads from RNA-seq were aligned to the mouse genome (mm9) using STAR (version 2.4.2a).,GPL21103,"Alexander,Star,Nord",asnord@ucdavis.edu,Nord Neurogenomics lab,Center for Neuroscience,University of California Davis,1544 Newton Court,Davis,CA,95618,USA,0,Illumina HiSeq 4000,cDNA,transcriptomic,RNA-Seq,BioSample: https://www.ncbi.nlm.nih.gov/biosample/SAMN17834578,NONE,C57BL/6,E14.5,PolyIC,med,M,dorsal telencephalon/pallium or developing cortex
MMIA03.07.S86.L005.R1.001,GSM5069678,Public on Feb 09 2021,Feb 08 2021,Feb 10 2021,SRA,1,dorsal telencephalon/pallium or developing cortex,Mus musculus,"Pregnant mice at gestational day E12.5 were injected intraperitoneally (IP) with 30 mg/kg poly(I:C) dsRNA from Sigma Aldrich (St. Louis, MO, cat #P0913) or with vehicle control (sterile 0.9% saline) injected at 5ul per gram of body weight. Pregnancy was determined to be E12.5 by visualizing vaginal seminal plug, noted as embryonic day 0.5 (E0.5) and by an increase in body weight.",total RNA,Total RNA was isolated using Ambion RNAqueous total RNA Isolation Kit and assayed using Agilent RNA 6000 Nano Bioanalyzer kit/instrument.,10090,Reads from RNA-seq were aligned to the mouse genome (mm9) using STAR (version 2.4.2a).,GPL21103,"Alexander,Star,Nord",asnord@ucdavis.edu,Nord Neurogenomics lab,Center for Neuroscience,University of California Davis,1544 Newton Court,Davis,CA,95618,USA,0,Illumina HiSeq 4000,cDNA,transcriptomic,RNA-Seq,BioSample: https://www.ncbi.nlm.nih.gov/biosample/SAMN17834574,NONE,C57BL/6,E14.5,PolyIC,med,F,dorsal telencephalon/pallium or developing cortex
MMIA03.08.S60.L007.R1.001,GSM5069679,Public on Feb 09 2021,Feb 08 2021,Feb 10 2021,SRA,1,dorsal telencephalon/pallium or developing cortex,Mus musculus,"Pregnant mice at gestational day E12.5 were injected intraperitoneally (IP) with 30 mg/kg poly(I:C) dsRNA from Sigma Aldrich (St. Louis, MO, cat #P0913) or with vehicle control (sterile 0.9% saline) injected at 5ul per gram of body weight. Pregnancy was determined to be E12.5 by visualizing vaginal seminal plug, noted as embryonic day 0.5 (E0.5) and by an increase in body weight.",total RNA,Total RNA was isolated using Ambion RNAqueous total RNA Isolation Kit and assayed using Agilent RNA 6000 Nano Bioanalyzer kit/instrument.,10090,Reads from RNA-seq were aligned to the mouse genome (mm9) using STAR (version 2.4.2a).,GPL21103,"Alexander,Star,Nord",asnord@ucdavis.edu,Nord Neurogenomics lab,Center for Neuroscience,University of California Davis,1544 Newton Court,Davis,CA,95618,USA,0,Illumina HiSeq 4000,cDNA,transcriptomic,RNA-Seq,BioSample: https://www.ncbi.nlm.nih.gov/biosample/SAMN17834573,NONE,C57BL/6,E14.5,PolyIC,high,M,dorsal telencephalon/pallium or developing cortex
MIA.e17.5.1641.4.S48.L005,GSM5069680,Public on Feb 09 2021,Feb 08 2021,Feb 10 2021,SRA,1,dorsal telencephalon/pallium or developing cortex,Mus musculus,"Pregnant mice at gestational day E12.5 were injected intraperitoneally (IP) with 30 mg/kg poly(I:C) dsRNA from Sigma Aldrich (St. Louis, MO, cat #P0913) or with vehicle control (sterile 0.9% saline) injected at 5ul per gram of body weight. Pregnancy was determined to be E12.5 by visualizing vaginal seminal plug, noted as embryonic day 0.5 (E0.5) and by an increase in body weight.",total RNA,Total RNA was isolated using Ambion RNAqueous total RNA Isolation Kit and assayed using Agilent RNA 6000 Nano Bioanalyzer kit/instrument.,10090,Reads from RNA-seq were aligned to the mouse genome (mm9) using STAR (version 2.4.2a).,GPL21103,"Alexander,Star,Nord",asnord@ucdavis.edu,Nord Neurogenomics lab,Center for Neuroscience,University of California Davis,1544 Newton Court,Davis,CA,95618,USA,0,Illumina HiSeq 4000,cDNA,transcriptomic,RNA-Seq,BioSample: https://www.ncbi.nlm.nih.gov/biosample/SAMN17834572,NONE,C57BL/6,E17.5,Saline,med,M,dorsal telencephalon/pallium or developing cortex
MIA.e17.5.1641.5.S45.L004,GSM5069681,Public on Feb 09 2021,Feb 08 2021,Feb 10 2021,SRA,1,dorsal telencephalon/pallium or developing cortex,Mus musculus,"Pregnant mice at gestational day E12.5 were injected intraperitoneally (IP) with 30 mg/kg poly(I:C) dsRNA from Sigma Aldrich (St. Louis, MO, cat #P0913) or with vehicle control (sterile 0.9% saline) injected at 5ul per gram of body weight. Pregnancy was determined to be E12.5 by visualizing vaginal seminal plug, noted as embryonic day 0.5 (E0.5) and by an increase in body weight.",total RNA,Total RNA was isolated using Ambion RNAqueous total RNA Isolation Kit and assayed using Agilent RNA 6000 Nano Bioanalyzer kit/instrument.,10090,Reads from RNA-seq were aligned to the mouse genome (mm9) using STAR (version 2.4.2a).,GPL21103,"Alexander,Star,Nord",asnord@ucdavis.edu,Nord Neurogenomics lab,Center for Neuroscience,University of California Davis,1544 Newton Court,Davis,CA,95618,USA,0,Illumina HiSeq 4000,cDNA,transcriptomic,RNA-Seq,BioSample: https://www.ncbi.nlm.nih.gov/biosample/SAMN17834664,NONE,C57BL/6,E17.5,Saline,med,F,dorsal telencephalon/pallium or developing cortex
MIA.e17.5.1826.3.S58.L006,GSM5069682,Public on Feb 09 2021,Feb 08 2021,Feb 10 2021,SRA,1,dorsal telencephalon/pallium or developing cortex,Mus musculus,"Pregnant mice at gestational day E12.5 were injected intraperitoneally (IP) with 30 mg/kg poly(I:C) dsRNA from Sigma Aldrich (St. Louis, MO, cat #P0913) or with vehicle control (sterile 0.9% saline) injected at 5ul per gram of body weight. Pregnancy was determined to be E12.5 by visualizing vaginal seminal plug, noted as embryonic day 0.5 (E0.5) and by an increase in body weight.",total RNA,Total RNA was isolated using Ambion RNAqueous total RNA Isolation Kit and assayed using Agilent RNA 6000 Nano Bioanalyzer kit/instrument.,10090,Reads from RNA-seq were aligned to the mouse genome (mm9) using STAR (version 2.4.2a).,GPL21103,"Alexander,Star,Nord",asnord@ucdavis.edu,Nord Neurogenomics lab,Center for Neuroscience,University of California Davis,1544 Newton Court,Davis,CA,95618,USA,0,Illumina HiSeq 4000,cDNA,transcriptomic,RNA-Seq,BioSample: https://www.ncbi.nlm.nih.gov/biosample/SAMN17834663,NONE,C57BL/6,E17.5,Saline,med,F,dorsal telencephalon/pallium or developing cortex
MIA.e17.5.1826.4.S59.L006,GSM5069683,Public on Feb 09 2021,Feb 08 2021,Feb 10 2021,SRA,1,dorsal telencephalon/pallium or developing cortex,Mus musculus,"Pregnant mice at gestational day E12.5 were injected intraperitoneally (IP) with 30 mg/kg poly(I:C) dsRNA from Sigma Aldrich (St. Louis, MO, cat #P0913) or with vehicle control (sterile 0.9% saline) injected at 5ul per gram of body weight. Pregnancy was determined to be E12.5 by visualizing vaginal seminal plug, noted as embryonic day 0.5 (E0.5) and by an increase in body weight.",total RNA,Total RNA was isolated using Ambion RNAqueous total RNA Isolation Kit and assayed using Agilent RNA 6000 Nano Bioanalyzer kit/instrument.,10090,Reads from RNA-seq were aligned to the mouse genome (mm9) using STAR (version 2.4.2a).,GPL21103,"Alexander,Star,Nord",asnord@ucdavis.edu,Nord Neurogenomics lab,Center for Neuroscience,University of California Davis,1544 Newton Court,Davis,CA,95618,USA,0,Illumina HiSeq 4000,cDNA,transcriptomic,RNA-Seq,BioSample: https://www.ncbi.nlm.nih.gov/biosample/SAMN17834662,NONE,C57BL/6,E17.5,Saline,med,M,dorsal telencephalon/pallium or developing cortex
MIA.e17.5.1842.1.S60.L006,GSM5069684,Public on Feb 09 2021,Feb 08 2021,Feb 10 2021,SRA,1,dorsal telencephalon/pallium or developing cortex,Mus musculus,"Pregnant mice at gestational day E12.5 were injected intraperitoneally (IP) with 30 mg/kg poly(I:C) dsRNA from Sigma Aldrich (St. Louis, MO, cat #P0913) or with vehicle control (sterile 0.9% saline) injected at 5ul per gram of body weight. Pregnancy was determined to be E12.5 by visualizing vaginal seminal plug, noted as embryonic day 0.5 (E0.5) and by an increase in body weight.",total RNA,Total RNA was isolated using Ambion RNAqueous total RNA Isolation Kit and assayed using Agilent RNA 6000 Nano Bioanalyzer kit/instrument.,10090,Reads from RNA-seq were aligned to the mouse genome (mm9) using STAR (version 2.4.2a).,GPL21103,"Alexander,Star,Nord",asnord@ucdavis.edu,Nord Neurogenomics lab,Center for Neuroscience,University of California Davis,1544 Newton Court,Davis,CA,95618,USA,0,Illumina HiSeq 4000,cDNA,transcriptomic,RNA-Seq,BioSample: https://www.ncbi.nlm.nih.gov/biosample/SAMN17834661,NONE,C57BL/6,E17.5,Saline,high,M,dorsal telencephalon/pallium or developing cortex
MIA.e17.5.1842.11.S61.L006,GSM5069685,Public on Feb 09 2021,Feb 08 2021,Feb 10 2021,SRA,1,dorsal telencephalon/pallium or developing cortex,Mus musculus,"Pregnant mice at gestational day E12.5 were injected intraperitoneally (IP) with 30 mg/kg poly(I:C) dsRNA from Sigma Aldrich (St. Louis, MO, cat #P0913) or with vehicle control (sterile 0.9% saline) injected at 5ul per gram of body weight. Pregnancy was determined to be E12.5 by visualizing vaginal seminal plug, noted as embryonic day 0.5 (E0.5) and by an increase in body weight.",total RNA,Total RNA was isolated using Ambion RNAqueous total RNA Isolation Kit and assayed using Agilent RNA 6000 Nano Bioanalyzer kit/instrument.,10090,Reads from RNA-seq were aligned to the mouse genome (mm9) using STAR (version 2.4.2a).,GPL21103,"Alexander,Star,Nord",asnord@ucdavis.edu,Nord Neurogenomics lab,Center for Neuroscience,University of California Davis,1544 Newton Court,Davis,CA,95618,USA,0,Illumina HiSeq 4000,cDNA,transcriptomic,RNA-Seq,BioSample: https://www.ncbi.nlm.nih.gov/biosample/SAMN17834660,NONE,C57BL/6,E17.5,Saline,high,F,dorsal telencephalon/pallium or developing cortex
MIA.e17.5.1631.1.S52.L005,GSM5069686,Public on Feb 09 2021,Feb 08 2021,Feb 10 2021,SRA,1,dorsal telencephalon/pallium or developing cortex,Mus musculus,"Pregnant mice at gestational day E12.5 were injected intraperitoneally (IP) with 30 mg/kg poly(I:C) dsRNA from Sigma Aldrich (St. Louis, MO, cat #P0913) or with vehicle control (sterile 0.9% saline) injected at 5ul per gram of body weight. Pregnancy was determined to be E12.5 by visualizing vaginal seminal plug, noted as embryonic day 0.5 (E0.5) and by an increase in body weight.",total RNA,Total RNA was isolated using Ambion RNAqueous total RNA Isolation Kit and assayed using Agilent RNA 6000 Nano Bioanalyzer kit/instrument.,10090,Reads from RNA-seq were aligned to the mouse genome (mm9) using STAR (version 2.4.2a).,GPL21103,"Alexander,Star,Nord",asnord@ucdavis.edu,Nord Neurogenomics lab,Center for Neuroscience,University of California Davis,1544 Newton Court,Davis,CA,95618,USA,0,Illumina HiSeq 4000,cDNA,transcriptomic,RNA-Seq,BioSample: https://www.ncbi.nlm.nih.gov/biosample/SAMN17834659,NONE,C57BL/6,E17.5,PolyIC,med,F,dorsal telencephalon/pallium or developing cortex
MIA.e17.5.1631.2.S53.L005,GSM5069687,Public on Feb 09 2021,Feb 08 2021,Feb 10 2021,SRA,1,dorsal telencephalon/pallium or developing cortex,Mus musculus,"Pregnant mice at gestational day E12.5 were injected intraperitoneally (IP) with 30 mg/kg poly(I:C) dsRNA from Sigma Aldrich (St. Louis, MO, cat #P0913) or with vehicle control (sterile 0.9% saline) injected at 5ul per gram of body weight. Pregnancy was determined to be E12.5 by visualizing vaginal seminal plug, noted as embryonic day 0.5 (E0.5) and by an increase in body weight.",total RNA,Total RNA was isolated using Ambion RNAqueous total RNA Isolation Kit and assayed using Agilent RNA 6000 Nano Bioanalyzer kit/instrument.,10090,Reads from RNA-seq were aligned to the mouse genome (mm9) using STAR (version 2.4.2a).,GPL21103,"Alexander,Star,Nord",asnord@ucdavis.edu,Nord Neurogenomics lab,Center for Neuroscience,University of California Davis,1544 Newton Court,Davis,CA,95618,USA,0,Illumina HiSeq 4000,cDNA,transcriptomic,RNA-Seq,BioSample: https://www.ncbi.nlm.nih.gov/biosample/SAMN17834658,NONE,C57BL/6,E17.5,PolyIC,med,M,dorsal telencephalon/pallium or developing cortex
MIA.e17.5.1712.1.S54.L005,GSM5069688,Public on Feb 09 2021,Feb 08 2021,Feb 10 2021,SRA,1,dorsal telencephalon/pallium or developing cortex,Mus musculus,"Pregnant mice at gestational day E12.5 were injected intraperitoneally (IP) with 30 mg/kg poly(I:C) dsRNA from Sigma Aldrich (St. Louis, MO, cat #P0913) or with vehicle control (sterile 0.9% saline) injected at 5ul per gram of body weight. Pregnancy was determined to be E12.5 by visualizing vaginal seminal plug, noted as embryonic day 0.5 (E0.5) and by an increase in body weight.",total RNA,Total RNA was isolated using Ambion RNAqueous total RNA Isolation Kit and assayed using Agilent RNA 6000 Nano Bioanalyzer kit/instrument.,10090,Reads from RNA-seq were aligned to the mouse genome (mm9) using STAR (version 2.4.2a).,GPL21103,"Alexander,Star,Nord",asnord@ucdavis.edu,Nord Neurogenomics lab,Center for Neuroscience,University of California Davis,1544 Newton Court,Davis,CA,95618,USA,0,Illumina HiSeq 4000,cDNA,transcriptomic,RNA-Seq,BioSample: https://www.ncbi.nlm.nih.gov/biosample/SAMN17834657,NONE,C57BL/6,E17.5,PolyIC,high,F,dorsal telencephalon/pallium or developing cortex
MIA.e17.5.1712.3.S55.L006,GSM5069689,Public on Feb 09 2021,Feb 08 2021,Feb 10 2021,SRA,1,dorsal telencephalon/pallium or developing cortex,Mus musculus,"Pregnant mice at gestational day E12.5 were injected intraperitoneally (IP) with 30 mg/kg poly(I:C) dsRNA from Sigma Aldrich (St. Louis, MO, cat #P0913) or with vehicle control (sterile 0.9% saline) injected at 5ul per gram of body weight. Pregnancy was determined to be E12.5 by visualizing vaginal seminal plug, noted as embryonic day 0.5 (E0.5) and by an increase in body weight.",total RNA,Total RNA was isolated using Ambion RNAqueous total RNA Isolation Kit and assayed using Agilent RNA 6000 Nano Bioanalyzer kit/instrument.,10090,Reads from RNA-seq were aligned to the mouse genome (mm9) using STAR (version 2.4.2a).,GPL21103,"Alexander,Star,Nord",asnord@ucdavis.edu,Nord Neurogenomics lab,Center for Neuroscience,University of California Davis,1544 Newton Court,Davis,CA,95618,USA,0,Illumina HiSeq 4000,cDNA,transcriptomic,RNA-Seq,BioSample: https://www.ncbi.nlm.nih.gov/biosample/SAMN17834656,NONE,C57BL/6,E17.5,PolyIC,high,F,dorsal telencephalon/pallium or developing cortex
MIA.e17.5.1823.1.S56.L006,GSM5069690,Public on Feb 09 2021,Feb 08 2021,Feb 10 2021,SRA,1,dorsal telencephalon/pallium or developing cortex,Mus musculus,"Pregnant mice at gestational day E12.5 were injected intraperitoneally (IP) with 30 mg/kg poly(I:C) dsRNA from Sigma Aldrich (St. Louis, MO, cat #P0913) or with vehicle control (sterile 0.9% saline) injected at 5ul per gram of body weight. Pregnancy was determined to be E12.5 by visualizing vaginal seminal plug, noted as embryonic day 0.5 (E0.5) and by an increase in body weight.",total RNA,Total RNA was isolated using Ambion RNAqueous total RNA Isolation Kit and assayed using Agilent RNA 6000 Nano Bioanalyzer kit/instrument.,10090,Reads from RNA-seq were aligned to the mouse genome (mm9) using STAR (version 2.4.2a).,GPL21103,"Alexander,Star,Nord",asnord@ucdavis.edu,Nord Neurogenomics lab,Center for Neuroscience,University of California Davis,1544 Newton Court,Davis,CA,95618,USA,0,Illumina HiSeq 4000,cDNA,transcriptomic,RNA-Seq,BioSample: https://www.ncbi.nlm.nih.gov/biosample/SAMN17834655,NONE,C57BL/6,E17.5,PolyIC,med,F,dorsal telencephalon/pallium or developing cortex
MIA.e17.5.1823.2.S57.L006,GSM5069691,Public on Feb 09 2021,Feb 08 2021,Feb 10 2021,SRA,1,dorsal telencephalon/pallium or developing cortex,Mus musculus,"Pregnant mice at gestational day E12.5 were injected intraperitoneally (IP) with 30 mg/kg poly(I:C) dsRNA from Sigma Aldrich (St. Louis, MO, cat #P0913) or with vehicle control (sterile 0.9% saline) injected at 5ul per gram of body weight. Pregnancy was determined to be E12.5 by visualizing vaginal seminal plug, noted as embryonic day 0.5 (E0.5) and by an increase in body weight.",total RNA,Total RNA was isolated using Ambion RNAqueous total RNA Isolation Kit and assayed using Agilent RNA 6000 Nano Bioanalyzer kit/instrument.,10090,Reads from RNA-seq were aligned to the mouse genome (mm9) using STAR (version 2.4.2a).,GPL21103,"Alexander,Star,Nord",asnord@ucdavis.edu,Nord Neurogenomics lab,Center for Neuroscience,University of California Davis,1544 Newton Court,Davis,CA,95618,USA,0,Illumina HiSeq 4000,cDNA,transcriptomic,RNA-Seq,BioSample: https://www.ncbi.nlm.nih.gov/biosample/SAMN17834654,NONE,C57BL/6,E17.5,PolyIC,med,M,dorsal telencephalon/pallium or developing cortex
MIA.P0.1.S34.L003,GSM5069692,Public on Feb 09 2021,Feb 08 2021,Feb 10 2021,SRA,1,dorsal telencephalon/pallium or developing cortex,Mus musculus,"Pregnant mice at gestational day E12.5 were injected intraperitoneally (IP) with 30 mg/kg poly(I:C) dsRNA from Sigma Aldrich (St. Louis, MO, cat #P0913) or with vehicle control (sterile 0.9% saline) injected at 5ul per gram of body weight. Pregnancy was determined to be E12.5 by visualizing vaginal seminal plug, noted as embryonic day 0.5 (E0.5) and by an increase in body weight.",total RNA,Total RNA was isolated using Ambion RNAqueous total RNA Isolation Kit and assayed using Agilent RNA 6000 Nano Bioanalyzer kit/instrument.,10090,Reads from RNA-seq were aligned to the mouse genome (mm9) using STAR (version 2.4.2a).,GPL21103,"Alexander,Star,Nord",asnord@ucdavis.edu,Nord Neurogenomics lab,Center for Neuroscience,University of California Davis,1544 Newton Court,Davis,CA,95618,USA,0,Illumina HiSeq 4000,cDNA,transcriptomic,RNA-Seq,BioSample: https://www.ncbi.nlm.nih.gov/biosample/SAMN17834653,NONE,C57BL/6,P0,Saline,high,M,dorsal telencephalon/pallium or developing cortex
MIA.P0.1.S44.L006,GSM5069693,Public on Feb 09 2021,Feb 08 2021,Feb 10 2021,SRA,1,dorsal telencephalon/pallium or developing cortex,Mus musculus,"Pregnant mice at gestational day E12.5 were injected intraperitoneally (IP) with 30 mg/kg poly(I:C) dsRNA from Sigma Aldrich (St. Louis, MO, cat #P0913) or with vehicle control (sterile 0.9% saline) injected at 5ul per gram of body weight. Pregnancy was determined to be E12.5 by visualizing vaginal seminal plug, noted as embryonic day 0.5 (E0.5) and by an increase in body weight.",total RNA,Total RNA was isolated using Ambion RNAqueous total RNA Isolation Kit and assayed using Agilent RNA 6000 Nano Bioanalyzer kit/instrument.,10090,Reads from RNA-seq were aligned to the mouse genome (mm9) using STAR (version 2.4.2a).,GPL21103,"Alexander,Star,Nord",asnord@ucdavis.edu,Nord Neurogenomics lab,Center for Neuroscience,University of California Davis,1544 Newton Court,Davis,CA,95618,USA,0,Illumina HiSeq 4000,cDNA,transcriptomic,RNA-Seq,BioSample: https://www.ncbi.nlm.nih.gov/biosample/SAMN17834652,NONE,C57BL/6,P0,Saline,high,F,dorsal telencephalon/pallium or developing cortex
MIA.P0.10.S43.L004,GSM5069694,Public on Feb 09 2021,Feb 08 2021,Feb 10 2021,SRA,1,dorsal telencephalon/pallium or developing cortex,Mus musculus,"Pregnant mice at gestational day E12.5 were injected intraperitoneally (IP) with 30 mg/kg poly(I:C) dsRNA from Sigma Aldrich (St. Louis, MO, cat #P0913) or with vehicle control (sterile 0.9% saline) injected at 5ul per gram of body weight. Pregnancy was determined to be E12.5 by visualizing vaginal seminal plug, noted as embryonic day 0.5 (E0.5) and by an increase in body weight.",total RNA,Total RNA was isolated using Ambion RNAqueous total RNA Isolation Kit and assayed using Agilent RNA 6000 Nano Bioanalyzer kit/instrument.,10090,Reads from RNA-seq were aligned to the mouse genome (mm9) using STAR (version 2.4.2a).,GPL21103,"Alexander,Star,Nord",asnord@ucdavis.edu,Nord Neurogenomics lab,Center for Neuroscience,University of California Davis,1544 Newton Court,Davis,CA,95618,USA,0,Illumina HiSeq 4000,cDNA,transcriptomic,RNA-Seq,BioSample: https://www.ncbi.nlm.nih.gov/biosample/SAMN17834591,NONE,C57BL/6,P0,Saline,med,F,dorsal telencephalon/pallium or developing cortex
MIA.P0.13.S46.L004,GSM5069695,Public on Feb 09 2021,Feb 08 2021,Feb 10 2021,SRA,1,dorsal telencephalon/pallium or developing cortex,Mus musculus,"Pregnant mice at gestational day E12.5 were injected intraperitoneally (IP) with 30 mg/kg poly(I:C) dsRNA from Sigma Aldrich (St. Louis, MO, cat #P0913) or with vehicle control (sterile 0.9% saline) injected at 5ul per gram of body weight. Pregnancy was determined to be E12.5 by visualizing vaginal seminal plug, noted as embryonic day 0.5 (E0.5) and by an increase in body weight.",total RNA,Total RNA was isolated using Ambion RNAqueous total RNA Isolation Kit and assayed using Agilent RNA 6000 Nano Bioanalyzer kit/instrument.,10090,Reads from RNA-seq were aligned to the mouse genome (mm9) using STAR (version 2.4.2a).,GPL21103,"Alexander,Star,Nord",asnord@ucdavis.edu,Nord Neurogenomics lab,Center for Neuroscience,University of California Davis,1544 Newton Court,Davis,CA,95618,USA,0,Illumina HiSeq 4000,cDNA,transcriptomic,RNA-Seq,BioSample: https://www.ncbi.nlm.nih.gov/biosample/SAMN17834590,NONE,C57BL/6,P0,Saline,med,F,dorsal telencephalon/pallium or developing cortex
MIA.P0.16.S49.L004,GSM5069696,Public on Feb 09 2021,Feb 08 2021,Feb 10 2021,SRA,1,dorsal telencephalon/pallium or developing cortex,Mus musculus,"Pregnant mice at gestational day E12.5 were injected intraperitoneally (IP) with 30 mg/kg poly(I:C) dsRNA from Sigma Aldrich (St. Louis, MO, cat #P0913) or with vehicle control (sterile 0.9% saline) injected at 5ul per gram of body weight. Pregnancy was determined to be E12.5 by visualizing vaginal seminal plug, noted as embryonic day 0.5 (E0.5) and by an increase in body weight.",total RNA,Total RNA was isolated using Ambion RNAqueous total RNA Isolation Kit and assayed using Agilent RNA 6000 Nano Bioanalyzer kit/instrument.,10090,Reads from RNA-seq were aligned to the mouse genome (mm9) using STAR (version 2.4.2a).,GPL21103,"Alexander,Star,Nord",asnord@ucdavis.edu,Nord Neurogenomics lab,Center for Neuroscience,University of California Davis,1544 Newton Court,Davis,CA,95618,USA,0,Illumina HiSeq 4000,cDNA,transcriptomic,RNA-Seq,BioSample: https://www.ncbi.nlm.nih.gov/biosample/SAMN17834589,NONE,C57BL/6,P0,Saline,med,M,dorsal telencephalon/pallium or developing cortex
MIA.P0.3.S46.L006,GSM5069697,Public on Feb 09 2021,Feb 08 2021,Feb 10 2021,SRA,1,dorsal telencephalon/pallium or developing cortex,Mus musculus,"Pregnant mice at gestational day E12.5 were injected intraperitoneally (IP) with 30 mg/kg poly(I:C) dsRNA from Sigma Aldrich (St. Louis, MO, cat #P0913) or with vehicle control (sterile 0.9% saline) injected at 5ul per gram of body weight. Pregnancy was determined to be E12.5 by visualizing vaginal seminal plug, noted as embryonic day 0.5 (E0.5) and by an increase in body weight.",total RNA,Total RNA was isolated using Ambion RNAqueous total RNA Isolation Kit and assayed using Agilent RNA 6000 Nano Bioanalyzer kit/instrument.,10090,Reads from RNA-seq were aligned to the mouse genome (mm9) using STAR (version 2.4.2a).,GPL21103,"Alexander,Star,Nord",asnord@ucdavis.edu,Nord Neurogenomics lab,Center for Neuroscience,University of California Davis,1544 Newton Court,Davis,CA,95618,USA,0,Illumina HiSeq 4000,cDNA,transcriptomic,RNA-Seq,BioSample: https://www.ncbi.nlm.nih.gov/biosample/SAMN17834671,NONE,C57BL/6,P0,Saline,med,F,dorsal telencephalon/pallium or developing cortex
MIA.P0.7.S40.L003,GSM5069698,Public on Feb 09 2021,Feb 08 2021,Feb 10 2021,SRA,1,dorsal telencephalon/pallium or developing cortex,Mus musculus,"Pregnant mice at gestational day E12.5 were injected intraperitoneally (IP) with 30 mg/kg poly(I:C) dsRNA from Sigma Aldrich (St. Louis, MO, cat #P0913) or with vehicle control (sterile 0.9% saline) injected at 5ul per gram of body weight. Pregnancy was determined to be E12.5 by visualizing vaginal seminal plug, noted as embryonic day 0.5 (E0.5) and by an increase in body weight.",total RNA,Total RNA was isolated using Ambion RNAqueous total RNA Isolation Kit and assayed using Agilent RNA 6000 Nano Bioanalyzer kit/instrument.,10090,Reads from RNA-seq were aligned to the mouse genome (mm9) using STAR (version 2.4.2a).,GPL21103,"Alexander,Star,Nord",asnord@ucdavis.edu,Nord Neurogenomics lab,Center for Neuroscience,University of California Davis,1544 Newton Court,Davis,CA,95618,USA,0,Illumina HiSeq 4000,cDNA,transcriptomic,RNA-Seq,BioSample: https://www.ncbi.nlm.nih.gov/biosample/SAMN17834670,NONE,C57BL/6,P0,Saline,med,M,dorsal telencephalon/pallium or developing cortex
MMIA04.03.S58.L007.R1.001,GSM5069699,Public on Feb 09 2021,Feb 08 2021,Feb 10 2021,SRA,1,dorsal telencephalon/pallium or developing cortex,Mus musculus,"Pregnant mice at gestational day E12.5 were injected intraperitoneally (IP) with 30 mg/kg poly(I:C) dsRNA from Sigma Aldrich (St. Louis, MO, cat #P0913) or with vehicle control (sterile 0.9% saline) injected at 5ul per gram of body weight. Pregnancy was determined to be E12.5 by visualizing vaginal seminal plug, noted as embryonic day 0.5 (E0.5) and by an increase in body weight.",total RNA,Total RNA was isolated using Ambion RNAqueous total RNA Isolation Kit and assayed using Agilent RNA 6000 Nano Bioanalyzer kit/instrument.,10090,Reads from RNA-seq were aligned to the mouse genome (mm9) using STAR (version 2.4.2a).,GPL21103,"Alexander,Star,Nord",asnord@ucdavis.edu,Nord Neurogenomics lab,Center for Neuroscience,University of California Davis,1544 Newton Court,Davis,CA,95618,USA,0,Illumina HiSeq 4000,cDNA,transcriptomic,RNA-Seq,BioSample: https://www.ncbi.nlm.nih.gov/biosample/SAMN17834669,NONE,C57BL/6,P0,Saline,med,F,dorsal telencephalon/pallium or developing cortex
MMIA04.10.S93.L005.R1.001,GSM5069700,Public on Feb 09 2021,Feb 08 2021,Feb 10 2021,SRA,1,dorsal telencephalon/pallium or developing cortex,Mus musculus,"Pregnant mice at gestational day E12.5 were injected intraperitoneally (IP) with 30 mg/kg poly(I:C) dsRNA from Sigma Aldrich (St. Louis, MO, cat #P0913) or with vehicle control (sterile 0.9% saline) injected at 5ul per gram of body weight. Pregnancy was determined to be E12.5 by visualizing vaginal seminal plug, noted as embryonic day 0.5 (E0.5) and by an increase in body weight.",total RNA,Total RNA was isolated using Ambion RNAqueous total RNA Isolation Kit and assayed using Agilent RNA 6000 Nano Bioanalyzer kit/instrument.,10090,Reads from RNA-seq were aligned to the mouse genome (mm9) using STAR (version 2.4.2a).,GPL21103,"Alexander,Star,Nord",asnord@ucdavis.edu,Nord Neurogenomics lab,Center for Neuroscience,University of California Davis,1544 Newton Court,Davis,CA,95618,USA,0,Illumina HiSeq 4000,cDNA,transcriptomic,RNA-Seq,BioSample: https://www.ncbi.nlm.nih.gov/biosample/SAMN17834552,NONE,C57BL/6,P0,Saline,med,M,dorsal telencephalon/pallium or developing cortex
MMIA04.11.S94.L005.R1.001,GSM5069701,Public on Feb 09 2021,Feb 08 2021,Feb 10 2021,SRA,1,dorsal telencephalon/pallium or developing cortex,Mus musculus,"Pregnant mice at gestational day E12.5 were injected intraperitoneally (IP) with 30 mg/kg poly(I:C) dsRNA from Sigma Aldrich (St. Louis, MO, cat #P0913) or with vehicle control (sterile 0.9% saline) injected at 5ul per gram of body weight. Pregnancy was determined to be E12.5 by visualizing vaginal seminal plug, noted as embryonic day 0.5 (E0.5) and by an increase in body weight.",total RNA,Total RNA was isolated using Ambion RNAqueous total RNA Isolation Kit and assayed using Agilent RNA 6000 Nano Bioanalyzer kit/instrument.,10090,Reads from RNA-seq were aligned to the mouse genome (mm9) using STAR (version 2.4.2a).,GPL21103,"Alexander,Star,Nord",asnord@ucdavis.edu,Nord Neurogenomics lab,Center for Neuroscience,University of California Davis,1544 Newton Court,Davis,CA,95618,USA,0,Illumina HiSeq 4000,cDNA,transcriptomic,RNA-Seq,BioSample: https://www.ncbi.nlm.nih.gov/biosample/SAMN17834551,NONE,C57BL/6,P0,Saline,med,M,dorsal telencephalon/pallium or developing cortex
MIA.P0.11.S44.L004,GSM5069702,Public on Feb 09 2021,Feb 08 2021,Feb 10 2021,SRA,1,dorsal telencephalon/pallium or developing cortex,Mus musculus,"Pregnant mice at gestational day E12.5 were injected intraperitoneally (IP) with 30 mg/kg poly(I:C) dsRNA from Sigma Aldrich (St. Louis, MO, cat #P0913) or with vehicle control (sterile 0.9% saline) injected at 5ul per gram of body weight. Pregnancy was determined to be E12.5 by visualizing vaginal seminal plug, noted as embryonic day 0.5 (E0.5) and by an increase in body weight.",total RNA,Total RNA was isolated using Ambion RNAqueous total RNA Isolation Kit and assayed using Agilent RNA 6000 Nano Bioanalyzer kit/instrument.,10090,Reads from RNA-seq were aligned to the mouse genome (mm9) using STAR (version 2.4.2a).,GPL21103,"Alexander,Star,Nord",asnord@ucdavis.edu,Nord Neurogenomics lab,Center for Neuroscience,University of California Davis,1544 Newton Court,Davis,CA,95618,USA,0,Illumina HiSeq 4000,cDNA,transcriptomic,RNA-Seq,BioSample: https://www.ncbi.nlm.nih.gov/biosample/SAMN17834550,NONE,C57BL/6,P0,PolyIC,high,F,dorsal telencephalon/pallium or developing cortex
MIA.P0.14.S47.L004,GSM5069703,Public on Feb 09 2021,Feb 08 2021,Feb 10 2021,SRA,1,dorsal telencephalon/pallium or developing cortex,Mus musculus,"Pregnant mice at gestational day E12.5 were injected intraperitoneally (IP) with 30 mg/kg poly(I:C) dsRNA from Sigma Aldrich (St. Louis, MO, cat #P0913) or with vehicle control (sterile 0.9% saline) injected at 5ul per gram of body weight. Pregnancy was determined to be E12.5 by visualizing vaginal seminal plug, noted as embryonic day 0.5 (E0.5) and by an increase in body weight.",total RNA,Total RNA was isolated using Ambion RNAqueous total RNA Isolation Kit and assayed using Agilent RNA 6000 Nano Bioanalyzer kit/instrument.,10090,Reads from RNA-seq were aligned to the mouse genome (mm9) using STAR (version 2.4.2a).,GPL21103,"Alexander,Star,Nord",asnord@ucdavis.edu,Nord Neurogenomics lab,Center for Neuroscience,University of California Davis,1544 Newton Court,Davis,CA,95618,USA,0,Illumina HiSeq 4000,cDNA,transcriptomic,RNA-Seq,BioSample: https://www.ncbi.nlm.nih.gov/biosample/SAMN17834549,NONE,C57BL/6,P0,PolyIC,med,F,dorsal telencephalon/pallium or developing cortex
MIA.P0.2.S35.L003,GSM5069704,Public on Feb 09 2021,Feb 08 2021,Feb 10 2021,SRA,1,dorsal telencephalon/pallium or developing cortex,Mus musculus,"Pregnant mice at gestational day E12.5 were injected intraperitoneally (IP) with 30 mg/kg poly(I:C) dsRNA from Sigma Aldrich (St. Louis, MO, cat #P0913) or with vehicle control (sterile 0.9% saline) injected at 5ul per gram of body weight. Pregnancy was determined to be E12.5 by visualizing vaginal seminal plug, noted as embryonic day 0.5 (E0.5) and by an increase in body weight.",total RNA,Total RNA was isolated using Ambion RNAqueous total RNA Isolation Kit and assayed using Agilent RNA 6000 Nano Bioanalyzer kit/instrument.,10090,Reads from RNA-seq were aligned to the mouse genome (mm9) using STAR (version 2.4.2a).,GPL21103,"Alexander,Star,Nord",asnord@ucdavis.edu,Nord Neurogenomics lab,Center for Neuroscience,University of California Davis,1544 Newton Court,Davis,CA,95618,USA,0,Illumina HiSeq 4000,cDNA,transcriptomic,RNA-Seq,BioSample: https://www.ncbi.nlm.nih.gov/biosample/SAMN17834668,NONE,C57BL/6,P0,PolyIC,med,M,dorsal telencephalon/pallium or developing cortex
MIA.P0.5.S38.L003,GSM5069705,Public on Feb 09 2021,Feb 08 2021,Feb 10 2021,SRA,1,dorsal telencephalon/pallium or developing cortex,Mus musculus,"Pregnant mice at gestational day E12.5 were injected intraperitoneally (IP) with 30 mg/kg poly(I:C) dsRNA from Sigma Aldrich (St. Louis, MO, cat #P0913) or with vehicle control (sterile 0.9% saline) injected at 5ul per gram of body weight. Pregnancy was determined to be E12.5 by visualizing vaginal seminal plug, noted as embryonic day 0.5 (E0.5) and by an increase in body weight.",total RNA,Total RNA was isolated using Ambion RNAqueous total RNA Isolation Kit and assayed using Agilent RNA 6000 Nano Bioanalyzer kit/instrument.,10090,Reads from RNA-seq were aligned to the mouse genome (mm9) using STAR (version 2.4.2a).,GPL21103,"Alexander,Star,Nord",asnord@ucdavis.edu,Nord Neurogenomics lab,Center for Neuroscience,University of California Davis,1544 Newton Court,Davis,CA,95618,USA,0,Illumina HiSeq 4000,cDNA,transcriptomic,RNA-Seq,BioSample: https://www.ncbi.nlm.nih.gov/biosample/SAMN17834667,NONE,C57BL/6,P0,PolyIC,high,M,dorsal telencephalon/pallium or developing cortex
MIA.P0.5.S48.L006,GSM5069706,Public on Feb 09 2021,Feb 08 2021,Feb 10 2021,SRA,1,dorsal telencephalon/pallium or developing cortex,Mus musculus,"Pregnant mice at gestational day E12.5 were injected intraperitoneally (IP) with 30 mg/kg poly(I:C) dsRNA from Sigma Aldrich (St. Louis, MO, cat #P0913) or with vehicle control (sterile 0.9% saline) injected at 5ul per gram of body weight. Pregnancy was determined to be E12.5 by visualizing vaginal seminal plug, noted as embryonic day 0.5 (E0.5) and by an increase in body weight.",total RNA,Total RNA was isolated using Ambion RNAqueous total RNA Isolation Kit and assayed using Agilent RNA 6000 Nano Bioanalyzer kit/instrument.,10090,Reads from RNA-seq were aligned to the mouse genome (mm9) using STAR (version 2.4.2a).,GPL21103,"Alexander,Star,Nord",asnord@ucdavis.edu,Nord Neurogenomics lab,Center for Neuroscience,University of California Davis,1544 Newton Court,Davis,CA,95618,USA,0,Illumina HiSeq 4000,cDNA,transcriptomic,RNA-Seq,BioSample: https://www.ncbi.nlm.nih.gov/biosample/SAMN17834666,NONE,C57BL/6,P0,PolyIC,high,F,dorsal telencephalon/pallium or developing cortex
MIA.P0.6.S49.L006,GSM5069707,Public on Feb 09 2021,Feb 08 2021,Feb 10 2021,SRA,1,dorsal telencephalon/pallium or developing cortex,Mus musculus,"Pregnant mice at gestational day E12.5 were injected intraperitoneally (IP) with 30 mg/kg poly(I:C) dsRNA from Sigma Aldrich (St. Louis, MO, cat #P0913) or with vehicle control (sterile 0.9% saline) injected at 5ul per gram of body weight. Pregnancy was determined to be E12.5 by visualizing vaginal seminal plug, noted as embryonic day 0.5 (E0.5) and by an increase in body weight.",total RNA,Total RNA was isolated using Ambion RNAqueous total RNA Isolation Kit and assayed using Agilent RNA 6000 Nano Bioanalyzer kit/instrument.,10090,Reads from RNA-seq were aligned to the mouse genome (mm9) using STAR (version 2.4.2a).,GPL21103,"Alexander,Star,Nord",asnord@ucdavis.edu,Nord Neurogenomics lab,Center for Neuroscience,University of California Davis,1544 Newton Court,Davis,CA,95618,USA,0,Illumina HiSeq 4000,cDNA,transcriptomic,RNA-Seq,BioSample: https://www.ncbi.nlm.nih.gov/biosample/SAMN17834665,NONE,C57BL/6,P0,PolyIC,high,F,dorsal telencephalon/pallium or developing cortex
MIA.P0.7.S50.L006,GSM5069708,Public on Feb 09 2021,Feb 08 2021,Feb 10 2021,SRA,1,dorsal telencephalon/pallium or developing cortex,Mus musculus,"Pregnant mice at gestational day E12.5 were injected intraperitoneally (IP) with 30 mg/kg poly(I:C) dsRNA from Sigma Aldrich (St. Louis, MO, cat #P0913) or with vehicle control (sterile 0.9% saline) injected at 5ul per gram of body weight. Pregnancy was determined to be E12.5 by visualizing vaginal seminal plug, noted as embryonic day 0.5 (E0.5) and by an increase in body weight.",total RNA,Total RNA was isolated using Ambion RNAqueous total RNA Isolation Kit and assayed using Agilent RNA 6000 Nano Bioanalyzer kit/instrument.,10090,Reads from RNA-seq were aligned to the mouse genome (mm9) using STAR (version 2.4.2a).,GPL21103,"Alexander,Star,Nord",asnord@ucdavis.edu,Nord Neurogenomics lab,Center for Neuroscience,University of California Davis,1544 Newton Court,Davis,CA,95618,USA,0,Illumina HiSeq 4000,cDNA,transcriptomic,RNA-Seq,BioSample: https://www.ncbi.nlm.nih.gov/biosample/SAMN17834548,NONE,C57BL/6,P0,PolyIC,med,M,dorsal telencephalon/pallium or developing cortex
MIA.P0.8.S41.L003,GSM5069709,Public on Feb 09 2021,Feb 08 2021,Feb 10 2021,SRA,1,dorsal telencephalon/pallium or developing cortex,Mus musculus,"Pregnant mice at gestational day E12.5 were injected intraperitoneally (IP) with 30 mg/kg poly(I:C) dsRNA from Sigma Aldrich (St. Louis, MO, cat #P0913) or with vehicle control (sterile 0.9% saline) injected at 5ul per gram of body weight. Pregnancy was determined to be E12.5 by visualizing vaginal seminal plug, noted as embryonic day 0.5 (E0.5) and by an increase in body weight.",total RNA,Total RNA was isolated using Ambion RNAqueous total RNA Isolation Kit and assayed using Agilent RNA 6000 Nano Bioanalyzer kit/instrument.,10090,Reads from RNA-seq were aligned to the mouse genome (mm9) using STAR (version 2.4.2a).,GPL21103,"Alexander,Star,Nord",asnord@ucdavis.edu,Nord Neurogenomics lab,Center for Neuroscience,University of California Davis,1544 Newton Court,Davis,CA,95618,USA,0,Illumina HiSeq 4000,cDNA,transcriptomic,RNA-Seq,BioSample: https://www.ncbi.nlm.nih.gov/biosample/SAMN17834547,NONE,C57BL/6,P0,PolyIC,med,M,dorsal telencephalon/pallium or developing cortex
MIA.P0.8.S51.L006,GSM5069710,Public on Feb 09 2021,Feb 08 2021,Feb 10 2021,SRA,1,dorsal telencephalon/pallium or developing cortex,Mus musculus,"Pregnant mice at gestational day E12.5 were injected intraperitoneally (IP) with 30 mg/kg poly(I:C) dsRNA from Sigma Aldrich (St. Louis, MO, cat #P0913) or with vehicle control (sterile 0.9% saline) injected at 5ul per gram of body weight. Pregnancy was determined to be E12.5 by visualizing vaginal seminal plug, noted as embryonic day 0.5 (E0.5) and by an increase in body weight.",total RNA,Total RNA was isolated using Ambion RNAqueous total RNA Isolation Kit and assayed using Agilent RNA 6000 Nano Bioanalyzer kit/instrument.,10090,Reads from RNA-seq were aligned to the mouse genome (mm9) using STAR (version 2.4.2a).,GPL21103,"Alexander,Star,Nord",asnord@ucdavis.edu,Nord Neurogenomics lab,Center for Neuroscience,University of California Davis,1544 Newton Court,Davis,CA,95618,USA,0,Illumina HiSeq 4000,cDNA,transcriptomic,RNA-Seq,BioSample: https://www.ncbi.nlm.nih.gov/biosample/SAMN17834546,NONE,C57BL/6,P0,PolyIC,med,F,dorsal telencephalon/pallium or developing cortex
MMIA03.01.S55.L007.R1.001,GSM5069711,Public on Feb 09 2021,Feb 08 2021,Feb 10 2021,SRA,1,dorsal telencephalon/pallium or developing cortex,Mus musculus,"Pregnant mice at gestational day E12.5 were injected intraperitoneally (IP) with 30 mg/kg poly(I:C) dsRNA from Sigma Aldrich (St. Louis, MO, cat #P0913) or with vehicle control (sterile 0.9% saline) injected at 5ul per gram of body weight. Pregnancy was determined to be E12.5 by visualizing vaginal seminal plug, noted as embryonic day 0.5 (E0.5) and by an increase in body weight.",total RNA,Total RNA was isolated using Ambion RNAqueous total RNA Isolation Kit and assayed using Agilent RNA 6000 Nano Bioanalyzer kit/instrument.,10090,Reads from RNA-seq were aligned to the mouse genome (mm9) using STAR (version 2.4.2a).,GPL21103,"Alexander,Star,Nord",asnord@ucdavis.edu,Nord Neurogenomics lab,Center for Neuroscience,University of California Davis,1544 Newton Court,Davis,CA,95618,USA,0,Illumina HiSeq 4000,cDNA,transcriptomic,RNA-Seq,BioSample: https://www.ncbi.nlm.nih.gov/biosample/SAMN17834545,NONE,C57BL/6,P0,PolyIC,med,F,dorsal telencephalon/pallium or developing cortex
MMIA03.02.S56.L007.R1.001,GSM5069712,Public on Feb 09 2021,Feb 08 2021,Feb 10 2021,SRA,1,dorsal telencephalon/pallium or developing cortex,Mus musculus,"Pregnant mice at gestational day E12.5 were injected intraperitoneally (IP) with 30 mg/kg poly(I:C) dsRNA from Sigma Aldrich (St. Louis, MO, cat #P0913) or with vehicle control (sterile 0.9% saline) injected at 5ul per gram of body weight. Pregnancy was determined to be E12.5 by visualizing vaginal seminal plug, noted as embryonic day 0.5 (E0.5) and by an increase in body weight.",total RNA,Total RNA was isolated using Ambion RNAqueous total RNA Isolation Kit and assayed using Agilent RNA 6000 Nano Bioanalyzer kit/instrument.,10090,Reads from RNA-seq were aligned to the mouse genome (mm9) using STAR (version 2.4.2a).,GPL21103,"Alexander,Star,Nord",asnord@ucdavis.edu,Nord Neurogenomics lab,Center for Neuroscience,University of California Davis,1544 Newton Court,Davis,CA,95618,USA,0,Illumina HiSeq 4000,cDNA,transcriptomic,RNA-Seq,BioSample: https://www.ncbi.nlm.nih.gov/biosample/SAMN17834544,NONE,C57BL/6,P0,PolyIC,high,F,dorsal telencephalon/pallium or developing cortex
MMIA03.09.S88.L005.R1.001,GSM5069713,Public on Feb 09 2021,Feb 08 2021,Feb 10 2021,SRA,1,dorsal telencephalon/pallium or developing cortex,Mus musculus,"Pregnant mice at gestational day E12.5 were injected intraperitoneally (IP) with 30 mg/kg poly(I:C) dsRNA from Sigma Aldrich (St. Louis, MO, cat #P0913) or with vehicle control (sterile 0.9% saline) injected at 5ul per gram of body weight. Pregnancy was determined to be E12.5 by visualizing vaginal seminal plug, noted as embryonic day 0.5 (E0.5) and by an increase in body weight.",total RNA,Total RNA was isolated using Ambion RNAqueous total RNA Isolation Kit and assayed using Agilent RNA 6000 Nano Bioanalyzer kit/instrument.,10090,Reads from RNA-seq were aligned to the mouse genome (mm9) using STAR (version 2.4.2a).,GPL21103,"Alexander,Star,Nord",asnord@ucdavis.edu,Nord Neurogenomics lab,Center for Neuroscience,University of California Davis,1544 Newton Court,Davis,CA,95618,USA,0,Illumina HiSeq 4000,cDNA,transcriptomic,RNA-Seq,BioSample: https://www.ncbi.nlm.nih.gov/biosample/SAMN17834543,NONE,C57BL/6,P0,PolyIC,med,M,dorsal telencephalon/pallium or developing cortex
